Target Name,End Time,Platform Name,Platform Release,Environment,Profile Name,Profile Title,Profile Version,Profile Summary,Control ID,Control Title,Impact,Result Status
ip-10-0-225-175.us-east-2.compute.internal,2024-02-27T06:00:25+00:00,Red Hat Enterprise Linux CoreOS,413.92.202401170927-0,uat,xccdf_org.ssgproject.content_profile_cis-node,CIS Red Hat OpenShift Container Platform 4 Benchmark,1.4.0,"This profile defines a baseline that aligns to the Center for Internet Security®
Red Hat OpenShift Container Platform 4 Benchmark™, V1.4.

This profile includes Center for Internet Security®
Red Hat OpenShift Container Platform 4 CIS Benchmarks™ content.

Note that this part of the profile is meant to run on the Operating System that
Red Hat OpenShift Container Platform 4 runs on top of.

This profile is applicable to OpenShift versions 4.10 and greater.",1.1.1_xccdf_org.ssgproject.content_rule_file_permissions_kube_apiserver,Verify Permissions on the Kubernetes API Server Pod Specification File,medium,pass
ip-10-0-225-175.us-east-2.compute.internal,2024-02-27T06:00:25+00:00,Red Hat Enterprise Linux CoreOS,413.92.202401170927-0,uat,xccdf_org.ssgproject.content_profile_cis-node,CIS Red Hat OpenShift Container Platform 4 Benchmark,1.4.0,"This profile defines a baseline that aligns to the Center for Internet Security®
Red Hat OpenShift Container Platform 4 Benchmark™, V1.4.

This profile includes Center for Internet Security®
Red Hat OpenShift Container Platform 4 CIS Benchmarks™ content.

Note that this part of the profile is meant to run on the Operating System that
Red Hat OpenShift Container Platform 4 runs on top of.

This profile is applicable to OpenShift versions 4.10 and greater.",1.1.2_xccdf_org.ssgproject.content_rule_file_groupowner_kube_apiserver,Verify Group Who Owns The Kubernetes API Server Pod Specification File,medium,pass
ip-10-0-225-175.us-east-2.compute.internal,2024-02-27T06:00:25+00:00,Red Hat Enterprise Linux CoreOS,413.92.202401170927-0,uat,xccdf_org.ssgproject.content_profile_cis-node,CIS Red Hat OpenShift Container Platform 4 Benchmark,1.4.0,"This profile defines a baseline that aligns to the Center for Internet Security®
Red Hat OpenShift Container Platform 4 Benchmark™, V1.4.

This profile includes Center for Internet Security®
Red Hat OpenShift Container Platform 4 CIS Benchmarks™ content.

Note that this part of the profile is meant to run on the Operating System that
Red Hat OpenShift Container Platform 4 runs on top of.

This profile is applicable to OpenShift versions 4.10 and greater.",1.1.2_xccdf_org.ssgproject.content_rule_file_owner_kube_apiserver,Verify User Who Owns The Kubernetes API Server Pod Specification File,medium,pass
ip-10-0-225-175.us-east-2.compute.internal,2024-02-27T06:00:25+00:00,Red Hat Enterprise Linux CoreOS,413.92.202401170927-0,uat,xccdf_org.ssgproject.content_profile_cis-node,CIS Red Hat OpenShift Container Platform 4 Benchmark,1.4.0,"This profile defines a baseline that aligns to the Center for Internet Security®
Red Hat OpenShift Container Platform 4 Benchmark™, V1.4.

This profile includes Center for Internet Security®
Red Hat OpenShift Container Platform 4 CIS Benchmarks™ content.

Note that this part of the profile is meant to run on the Operating System that
Red Hat OpenShift Container Platform 4 runs on top of.

This profile is applicable to OpenShift versions 4.10 and greater.",1.1.3_xccdf_org.ssgproject.content_rule_file_permissions_kube_controller_manager,Verify Permissions on the Kubernetes Controller Manager Pod Specification File,medium,pass
ip-10-0-225-175.us-east-2.compute.internal,2024-02-27T06:00:25+00:00,Red Hat Enterprise Linux CoreOS,413.92.202401170927-0,uat,xccdf_org.ssgproject.content_profile_cis-node,CIS Red Hat OpenShift Container Platform 4 Benchmark,1.4.0,"This profile defines a baseline that aligns to the Center for Internet Security®
Red Hat OpenShift Container Platform 4 Benchmark™, V1.4.

This profile includes Center for Internet Security®
Red Hat OpenShift Container Platform 4 CIS Benchmarks™ content.

Note that this part of the profile is meant to run on the Operating System that
Red Hat OpenShift Container Platform 4 runs on top of.

This profile is applicable to OpenShift versions 4.10 and greater.",1.1.4_xccdf_org.ssgproject.content_rule_file_groupowner_kube_controller_manager,Verify Group Who Owns The Kubernetes Controller Manager Pod Specification File,medium,pass
ip-10-0-225-175.us-east-2.compute.internal,2024-02-27T06:00:25+00:00,Red Hat Enterprise Linux CoreOS,413.92.202401170927-0,uat,xccdf_org.ssgproject.content_profile_cis-node,CIS Red Hat OpenShift Container Platform 4 Benchmark,1.4.0,"This profile defines a baseline that aligns to the Center for Internet Security®
Red Hat OpenShift Container Platform 4 Benchmark™, V1.4.

This profile includes Center for Internet Security®
Red Hat OpenShift Container Platform 4 CIS Benchmarks™ content.

Note that this part of the profile is meant to run on the Operating System that
Red Hat OpenShift Container Platform 4 runs on top of.

This profile is applicable to OpenShift versions 4.10 and greater.",1.1.4_xccdf_org.ssgproject.content_rule_file_owner_kube_controller_manager,Verify User Who Owns The Kubernetes Controller Manager Pod Specification File,medium,pass
ip-10-0-225-175.us-east-2.compute.internal,2024-02-27T06:00:25+00:00,Red Hat Enterprise Linux CoreOS,413.92.202401170927-0,uat,xccdf_org.ssgproject.content_profile_cis-node,CIS Red Hat OpenShift Container Platform 4 Benchmark,1.4.0,"This profile defines a baseline that aligns to the Center for Internet Security®
Red Hat OpenShift Container Platform 4 Benchmark™, V1.4.

This profile includes Center for Internet Security®
Red Hat OpenShift Container Platform 4 CIS Benchmarks™ content.

Note that this part of the profile is meant to run on the Operating System that
Red Hat OpenShift Container Platform 4 runs on top of.

This profile is applicable to OpenShift versions 4.10 and greater.",1.1.5_xccdf_org.ssgproject.content_rule_file_permissions_scheduler,Verify Permissions on the Kubernetes Scheduler Pod Specification File,medium,pass
ip-10-0-225-175.us-east-2.compute.internal,2024-02-27T06:00:25+00:00,Red Hat Enterprise Linux CoreOS,413.92.202401170927-0,uat,xccdf_org.ssgproject.content_profile_cis-node,CIS Red Hat OpenShift Container Platform 4 Benchmark,1.4.0,"This profile defines a baseline that aligns to the Center for Internet Security®
Red Hat OpenShift Container Platform 4 Benchmark™, V1.4.

This profile includes Center for Internet Security®
Red Hat OpenShift Container Platform 4 CIS Benchmarks™ content.

Note that this part of the profile is meant to run on the Operating System that
Red Hat OpenShift Container Platform 4 runs on top of.

This profile is applicable to OpenShift versions 4.10 and greater.",1.1.6_xccdf_org.ssgproject.content_rule_file_groupowner_kube_scheduler,Verify Group Who Owns The Kubernetes Scheduler Pod Specification File,medium,pass
ip-10-0-225-175.us-east-2.compute.internal,2024-02-27T06:00:25+00:00,Red Hat Enterprise Linux CoreOS,413.92.202401170927-0,uat,xccdf_org.ssgproject.content_profile_cis-node,CIS Red Hat OpenShift Container Platform 4 Benchmark,1.4.0,"This profile defines a baseline that aligns to the Center for Internet Security®
Red Hat OpenShift Container Platform 4 Benchmark™, V1.4.

This profile includes Center for Internet Security®
Red Hat OpenShift Container Platform 4 CIS Benchmarks™ content.

Note that this part of the profile is meant to run on the Operating System that
Red Hat OpenShift Container Platform 4 runs on top of.

This profile is applicable to OpenShift versions 4.10 and greater.",1.1.6_xccdf_org.ssgproject.content_rule_file_owner_kube_scheduler,Verify User Who Owns The Kubernetes Scheduler Pod Specification File,medium,pass
ip-10-0-225-175.us-east-2.compute.internal,2024-02-27T06:00:25+00:00,Red Hat Enterprise Linux CoreOS,413.92.202401170927-0,uat,xccdf_org.ssgproject.content_profile_cis-node,CIS Red Hat OpenShift Container Platform 4 Benchmark,1.4.0,"This profile defines a baseline that aligns to the Center for Internet Security®
Red Hat OpenShift Container Platform 4 Benchmark™, V1.4.

This profile includes Center for Internet Security®
Red Hat OpenShift Container Platform 4 CIS Benchmarks™ content.

Note that this part of the profile is meant to run on the Operating System that
Red Hat OpenShift Container Platform 4 runs on top of.

This profile is applicable to OpenShift versions 4.10 and greater.",1.1.7_xccdf_org.ssgproject.content_rule_file_permissions_etcd_member,Verify Permissions on the Etcd Member Pod Specification File,medium,pass
ip-10-0-225-175.us-east-2.compute.internal,2024-02-27T06:00:25+00:00,Red Hat Enterprise Linux CoreOS,413.92.202401170927-0,uat,xccdf_org.ssgproject.content_profile_cis-node,CIS Red Hat OpenShift Container Platform 4 Benchmark,1.4.0,"This profile defines a baseline that aligns to the Center for Internet Security®
Red Hat OpenShift Container Platform 4 Benchmark™, V1.4.

This profile includes Center for Internet Security®
Red Hat OpenShift Container Platform 4 CIS Benchmarks™ content.

Note that this part of the profile is meant to run on the Operating System that
Red Hat OpenShift Container Platform 4 runs on top of.

This profile is applicable to OpenShift versions 4.10 and greater.",1.1.8_xccdf_org.ssgproject.content_rule_file_groupowner_etcd_member,Verify Group Who Owns The etcd Member Pod Specification File,medium,pass
ip-10-0-225-175.us-east-2.compute.internal,2024-02-27T06:00:25+00:00,Red Hat Enterprise Linux CoreOS,413.92.202401170927-0,uat,xccdf_org.ssgproject.content_profile_cis-node,CIS Red Hat OpenShift Container Platform 4 Benchmark,1.4.0,"This profile defines a baseline that aligns to the Center for Internet Security®
Red Hat OpenShift Container Platform 4 Benchmark™, V1.4.

This profile includes Center for Internet Security®
Red Hat OpenShift Container Platform 4 CIS Benchmarks™ content.

Note that this part of the profile is meant to run on the Operating System that
Red Hat OpenShift Container Platform 4 runs on top of.

This profile is applicable to OpenShift versions 4.10 and greater.",1.1.8_xccdf_org.ssgproject.content_rule_file_owner_etcd_member,Verify User Who Owns The Etcd Member Pod Specification File,medium,pass
ip-10-0-225-175.us-east-2.compute.internal,2024-02-27T06:00:25+00:00,Red Hat Enterprise Linux CoreOS,413.92.202401170927-0,uat,xccdf_org.ssgproject.content_profile_cis-node,CIS Red Hat OpenShift Container Platform 4 Benchmark,1.4.0,"This profile defines a baseline that aligns to the Center for Internet Security®
Red Hat OpenShift Container Platform 4 Benchmark™, V1.4.

This profile includes Center for Internet Security®
Red Hat OpenShift Container Platform 4 CIS Benchmarks™ content.

Note that this part of the profile is meant to run on the Operating System that
Red Hat OpenShift Container Platform 4 runs on top of.

This profile is applicable to OpenShift versions 4.10 and greater.",1.1.9_xccdf_org.ssgproject.content_rule_file_groupowner_openshift_sdn_cniserver_config,Verify Group Who Owns The OpenShift SDN CNI Server Config,medium,pass
ip-10-0-225-175.us-east-2.compute.internal,2024-02-27T06:00:25+00:00,Red Hat Enterprise Linux CoreOS,413.92.202401170927-0,uat,xccdf_org.ssgproject.content_profile_cis-node,CIS Red Hat OpenShift Container Platform 4 Benchmark,1.4.0,"This profile defines a baseline that aligns to the Center for Internet Security®
Red Hat OpenShift Container Platform 4 Benchmark™, V1.4.

This profile includes Center for Internet Security®
Red Hat OpenShift Container Platform 4 CIS Benchmarks™ content.

Note that this part of the profile is meant to run on the Operating System that
Red Hat OpenShift Container Platform 4 runs on top of.

This profile is applicable to OpenShift versions 4.10 and greater.",1.1.9_xccdf_org.ssgproject.content_rule_file_groupowner_ovs_conf_db,Verify Group Who Owns The Open vSwitch Configuration Database,medium,pass
ip-10-0-225-175.us-east-2.compute.internal,2024-02-27T06:00:25+00:00,Red Hat Enterprise Linux CoreOS,413.92.202401170927-0,uat,xccdf_org.ssgproject.content_profile_cis-node,CIS Red Hat OpenShift Container Platform 4 Benchmark,1.4.0,"This profile defines a baseline that aligns to the Center for Internet Security®
Red Hat OpenShift Container Platform 4 Benchmark™, V1.4.

This profile includes Center for Internet Security®
Red Hat OpenShift Container Platform 4 CIS Benchmarks™ content.

Note that this part of the profile is meant to run on the Operating System that
Red Hat OpenShift Container Platform 4 runs on top of.

This profile is applicable to OpenShift versions 4.10 and greater.",1.1.9_xccdf_org.ssgproject.content_rule_file_groupowner_ovs_conf_db_lock,Verify Group Who Owns The Open vSwitch Configuration Database Lock,medium,pass
ip-10-0-225-175.us-east-2.compute.internal,2024-02-27T06:00:25+00:00,Red Hat Enterprise Linux CoreOS,413.92.202401170927-0,uat,xccdf_org.ssgproject.content_profile_cis-node,CIS Red Hat OpenShift Container Platform 4 Benchmark,1.4.0,"This profile defines a baseline that aligns to the Center for Internet Security®
Red Hat OpenShift Container Platform 4 Benchmark™, V1.4.

This profile includes Center for Internet Security®
Red Hat OpenShift Container Platform 4 CIS Benchmarks™ content.

Note that this part of the profile is meant to run on the Operating System that
Red Hat OpenShift Container Platform 4 runs on top of.

This profile is applicable to OpenShift versions 4.10 and greater.",1.1.9_xccdf_org.ssgproject.content_rule_file_groupowner_ovs_pid,Verify Group Who Owns The Open vSwitch Process ID File,medium,pass
ip-10-0-225-175.us-east-2.compute.internal,2024-02-27T06:00:25+00:00,Red Hat Enterprise Linux CoreOS,413.92.202401170927-0,uat,xccdf_org.ssgproject.content_profile_cis-node,CIS Red Hat OpenShift Container Platform 4 Benchmark,1.4.0,"This profile defines a baseline that aligns to the Center for Internet Security®
Red Hat OpenShift Container Platform 4 Benchmark™, V1.4.

This profile includes Center for Internet Security®
Red Hat OpenShift Container Platform 4 CIS Benchmarks™ content.

Note that this part of the profile is meant to run on the Operating System that
Red Hat OpenShift Container Platform 4 runs on top of.

This profile is applicable to OpenShift versions 4.10 and greater.",1.1.9_xccdf_org.ssgproject.content_rule_file_groupowner_ovs_sys_id_conf,Verify Group Who Owns The Open vSwitch Persistent System ID,medium,pass
ip-10-0-225-175.us-east-2.compute.internal,2024-02-27T06:00:25+00:00,Red Hat Enterprise Linux CoreOS,413.92.202401170927-0,uat,xccdf_org.ssgproject.content_profile_cis-node,CIS Red Hat OpenShift Container Platform 4 Benchmark,1.4.0,"This profile defines a baseline that aligns to the Center for Internet Security®
Red Hat OpenShift Container Platform 4 Benchmark™, V1.4.

This profile includes Center for Internet Security®
Red Hat OpenShift Container Platform 4 CIS Benchmarks™ content.

Note that this part of the profile is meant to run on the Operating System that
Red Hat OpenShift Container Platform 4 runs on top of.

This profile is applicable to OpenShift versions 4.10 and greater.",1.1.9_xccdf_org.ssgproject.content_rule_file_groupowner_ovs_vswitchd_pid,Verify Group Who Owns The Open vSwitch Daemon PID File,medium,pass
ip-10-0-225-175.us-east-2.compute.internal,2024-02-27T06:00:25+00:00,Red Hat Enterprise Linux CoreOS,413.92.202401170927-0,uat,xccdf_org.ssgproject.content_profile_cis-node,CIS Red Hat OpenShift Container Platform 4 Benchmark,1.4.0,"This profile defines a baseline that aligns to the Center for Internet Security®
Red Hat OpenShift Container Platform 4 Benchmark™, V1.4.

This profile includes Center for Internet Security®
Red Hat OpenShift Container Platform 4 CIS Benchmarks™ content.

Note that this part of the profile is meant to run on the Operating System that
Red Hat OpenShift Container Platform 4 runs on top of.

This profile is applicable to OpenShift versions 4.10 and greater.",1.1.9_xccdf_org.ssgproject.content_rule_file_groupowner_ovsdb_server_pid,Verify Group Who Owns The Open vSwitch Database Server PID,medium,pass
ip-10-0-225-175.us-east-2.compute.internal,2024-02-27T06:00:25+00:00,Red Hat Enterprise Linux CoreOS,413.92.202401170927-0,uat,xccdf_org.ssgproject.content_profile_cis-node,CIS Red Hat OpenShift Container Platform 4 Benchmark,1.4.0,"This profile defines a baseline that aligns to the Center for Internet Security®
Red Hat OpenShift Container Platform 4 Benchmark™, V1.4.

This profile includes Center for Internet Security®
Red Hat OpenShift Container Platform 4 CIS Benchmarks™ content.

Note that this part of the profile is meant to run on the Operating System that
Red Hat OpenShift Container Platform 4 runs on top of.

This profile is applicable to OpenShift versions 4.10 and greater.",1.1.9_xccdf_org.ssgproject.content_rule_file_owner_openshift_sdn_cniserver_config,Verify User Who Owns The OpenShift SDN CNI Server Config,medium,pass
ip-10-0-225-175.us-east-2.compute.internal,2024-02-27T06:00:25+00:00,Red Hat Enterprise Linux CoreOS,413.92.202401170927-0,uat,xccdf_org.ssgproject.content_profile_cis-node,CIS Red Hat OpenShift Container Platform 4 Benchmark,1.4.0,"This profile defines a baseline that aligns to the Center for Internet Security®
Red Hat OpenShift Container Platform 4 Benchmark™, V1.4.

This profile includes Center for Internet Security®
Red Hat OpenShift Container Platform 4 CIS Benchmarks™ content.

Note that this part of the profile is meant to run on the Operating System that
Red Hat OpenShift Container Platform 4 runs on top of.

This profile is applicable to OpenShift versions 4.10 and greater.",1.1.9_xccdf_org.ssgproject.content_rule_file_owner_ovs_conf_db,Verify User Who Owns The Open vSwitch Configuration Database,medium,pass
ip-10-0-225-175.us-east-2.compute.internal,2024-02-27T06:00:25+00:00,Red Hat Enterprise Linux CoreOS,413.92.202401170927-0,uat,xccdf_org.ssgproject.content_profile_cis-node,CIS Red Hat OpenShift Container Platform 4 Benchmark,1.4.0,"This profile defines a baseline that aligns to the Center for Internet Security®
Red Hat OpenShift Container Platform 4 Benchmark™, V1.4.

This profile includes Center for Internet Security®
Red Hat OpenShift Container Platform 4 CIS Benchmarks™ content.

Note that this part of the profile is meant to run on the Operating System that
Red Hat OpenShift Container Platform 4 runs on top of.

This profile is applicable to OpenShift versions 4.10 and greater.",1.1.9_xccdf_org.ssgproject.content_rule_file_owner_ovs_conf_db_lock,Verify User Who Owns The Open vSwitch Configuration Database Lock,medium,pass
ip-10-0-225-175.us-east-2.compute.internal,2024-02-27T06:00:25+00:00,Red Hat Enterprise Linux CoreOS,413.92.202401170927-0,uat,xccdf_org.ssgproject.content_profile_cis-node,CIS Red Hat OpenShift Container Platform 4 Benchmark,1.4.0,"This profile defines a baseline that aligns to the Center for Internet Security®
Red Hat OpenShift Container Platform 4 Benchmark™, V1.4.

This profile includes Center for Internet Security®
Red Hat OpenShift Container Platform 4 CIS Benchmarks™ content.

Note that this part of the profile is meant to run on the Operating System that
Red Hat OpenShift Container Platform 4 runs on top of.

This profile is applicable to OpenShift versions 4.10 and greater.",1.1.9_xccdf_org.ssgproject.content_rule_file_owner_ovs_pid,Verify User Who Owns The Open vSwitch Process ID File,medium,pass
ip-10-0-225-175.us-east-2.compute.internal,2024-02-27T06:00:25+00:00,Red Hat Enterprise Linux CoreOS,413.92.202401170927-0,uat,xccdf_org.ssgproject.content_profile_cis-node,CIS Red Hat OpenShift Container Platform 4 Benchmark,1.4.0,"This profile defines a baseline that aligns to the Center for Internet Security®
Red Hat OpenShift Container Platform 4 Benchmark™, V1.4.

This profile includes Center for Internet Security®
Red Hat OpenShift Container Platform 4 CIS Benchmarks™ content.

Note that this part of the profile is meant to run on the Operating System that
Red Hat OpenShift Container Platform 4 runs on top of.

This profile is applicable to OpenShift versions 4.10 and greater.",1.1.9_xccdf_org.ssgproject.content_rule_file_owner_ovs_sys_id_conf,Verify User Who Owns The Open vSwitch Persistent System ID,medium,pass
ip-10-0-225-175.us-east-2.compute.internal,2024-02-27T06:00:25+00:00,Red Hat Enterprise Linux CoreOS,413.92.202401170927-0,uat,xccdf_org.ssgproject.content_profile_cis-node,CIS Red Hat OpenShift Container Platform 4 Benchmark,1.4.0,"This profile defines a baseline that aligns to the Center for Internet Security®
Red Hat OpenShift Container Platform 4 Benchmark™, V1.4.

This profile includes Center for Internet Security®
Red Hat OpenShift Container Platform 4 CIS Benchmarks™ content.

Note that this part of the profile is meant to run on the Operating System that
Red Hat OpenShift Container Platform 4 runs on top of.

This profile is applicable to OpenShift versions 4.10 and greater.",1.1.9_xccdf_org.ssgproject.content_rule_file_owner_ovs_vswitchd_pid,Verify User Who Owns The Open vSwitch Daemon PID File,medium,pass
ip-10-0-225-175.us-east-2.compute.internal,2024-02-27T06:00:25+00:00,Red Hat Enterprise Linux CoreOS,413.92.202401170927-0,uat,xccdf_org.ssgproject.content_profile_cis-node,CIS Red Hat OpenShift Container Platform 4 Benchmark,1.4.0,"This profile defines a baseline that aligns to the Center for Internet Security®
Red Hat OpenShift Container Platform 4 Benchmark™, V1.4.

This profile includes Center for Internet Security®
Red Hat OpenShift Container Platform 4 CIS Benchmarks™ content.

Note that this part of the profile is meant to run on the Operating System that
Red Hat OpenShift Container Platform 4 runs on top of.

This profile is applicable to OpenShift versions 4.10 and greater.",1.1.9_xccdf_org.ssgproject.content_rule_file_owner_ovsdb_server_pid,Verify User Who Owns The Open vSwitch Database Server PID,medium,pass
ip-10-0-225-175.us-east-2.compute.internal,2024-02-27T06:00:25+00:00,Red Hat Enterprise Linux CoreOS,413.92.202401170927-0,uat,xccdf_org.ssgproject.content_profile_cis-node,CIS Red Hat OpenShift Container Platform 4 Benchmark,1.4.0,"This profile defines a baseline that aligns to the Center for Internet Security®
Red Hat OpenShift Container Platform 4 Benchmark™, V1.4.

This profile includes Center for Internet Security®
Red Hat OpenShift Container Platform 4 CIS Benchmarks™ content.

Note that this part of the profile is meant to run on the Operating System that
Red Hat OpenShift Container Platform 4 runs on top of.

This profile is applicable to OpenShift versions 4.10 and greater.",1.1.9_xccdf_org.ssgproject.content_rule_file_permissions_cni_conf,Verify Permissions on the OpenShift Container Network Interface Files,medium,fail
ip-10-0-225-175.us-east-2.compute.internal,2024-02-27T06:00:25+00:00,Red Hat Enterprise Linux CoreOS,413.92.202401170927-0,uat,xccdf_org.ssgproject.content_profile_cis-node,CIS Red Hat OpenShift Container Platform 4 Benchmark,1.4.0,"This profile defines a baseline that aligns to the Center for Internet Security®
Red Hat OpenShift Container Platform 4 Benchmark™, V1.4.

This profile includes Center for Internet Security®
Red Hat OpenShift Container Platform 4 CIS Benchmarks™ content.

Note that this part of the profile is meant to run on the Operating System that
Red Hat OpenShift Container Platform 4 runs on top of.

This profile is applicable to OpenShift versions 4.10 and greater.",1.1.9_xccdf_org.ssgproject.content_rule_file_permissions_ip_allocations,Verify Permissions on the OpenShift SDN Container Network Interface Plugin IP Address Allocations,medium,pass
ip-10-0-225-175.us-east-2.compute.internal,2024-02-27T06:00:25+00:00,Red Hat Enterprise Linux CoreOS,413.92.202401170927-0,uat,xccdf_org.ssgproject.content_profile_cis-node,CIS Red Hat OpenShift Container Platform 4 Benchmark,1.4.0,"This profile defines a baseline that aligns to the Center for Internet Security®
Red Hat OpenShift Container Platform 4 Benchmark™, V1.4.

This profile includes Center for Internet Security®
Red Hat OpenShift Container Platform 4 CIS Benchmarks™ content.

Note that this part of the profile is meant to run on the Operating System that
Red Hat OpenShift Container Platform 4 runs on top of.

This profile is applicable to OpenShift versions 4.10 and greater.",1.1.9_xccdf_org.ssgproject.content_rule_file_permissions_multus_conf,Verify Permissions on the OpenShift Multus Container Network Interface Plugin Files,medium,pass
ip-10-0-225-175.us-east-2.compute.internal,2024-02-27T06:00:25+00:00,Red Hat Enterprise Linux CoreOS,413.92.202401170927-0,uat,xccdf_org.ssgproject.content_profile_cis-node,CIS Red Hat OpenShift Container Platform 4 Benchmark,1.4.0,"This profile defines a baseline that aligns to the Center for Internet Security®
Red Hat OpenShift Container Platform 4 Benchmark™, V1.4.

This profile includes Center for Internet Security®
Red Hat OpenShift Container Platform 4 CIS Benchmarks™ content.

Note that this part of the profile is meant to run on the Operating System that
Red Hat OpenShift Container Platform 4 runs on top of.

This profile is applicable to OpenShift versions 4.10 and greater.",1.1.9_xccdf_org.ssgproject.content_rule_file_permissions_ovn_cni_server_sock,Verify Permissions on the OVNKubernetes socket,medium,notapplicable
ip-10-0-225-175.us-east-2.compute.internal,2024-02-27T06:00:25+00:00,Red Hat Enterprise Linux CoreOS,413.92.202401170927-0,uat,xccdf_org.ssgproject.content_profile_cis-node,CIS Red Hat OpenShift Container Platform 4 Benchmark,1.4.0,"This profile defines a baseline that aligns to the Center for Internet Security®
Red Hat OpenShift Container Platform 4 Benchmark™, V1.4.

This profile includes Center for Internet Security®
Red Hat OpenShift Container Platform 4 CIS Benchmarks™ content.

Note that this part of the profile is meant to run on the Operating System that
Red Hat OpenShift Container Platform 4 runs on top of.

This profile is applicable to OpenShift versions 4.10 and greater.",1.1.9_xccdf_org.ssgproject.content_rule_file_permissions_ovn_db_files,Verify Permissions on the OVNKubernetes DB files,medium,notapplicable
ip-10-0-225-175.us-east-2.compute.internal,2024-02-27T06:00:25+00:00,Red Hat Enterprise Linux CoreOS,413.92.202401170927-0,uat,xccdf_org.ssgproject.content_profile_cis-node,CIS Red Hat OpenShift Container Platform 4 Benchmark,1.4.0,"This profile defines a baseline that aligns to the Center for Internet Security®
Red Hat OpenShift Container Platform 4 Benchmark™, V1.4.

This profile includes Center for Internet Security®
Red Hat OpenShift Container Platform 4 CIS Benchmarks™ content.

Note that this part of the profile is meant to run on the Operating System that
Red Hat OpenShift Container Platform 4 runs on top of.

This profile is applicable to OpenShift versions 4.10 and greater.",1.1.9_xccdf_org.ssgproject.content_rule_file_permissions_ovs_conf_db,Verify Permissions on the Open vSwitch Configuration Database,medium,pass
ip-10-0-225-175.us-east-2.compute.internal,2024-02-27T06:00:25+00:00,Red Hat Enterprise Linux CoreOS,413.92.202401170927-0,uat,xccdf_org.ssgproject.content_profile_cis-node,CIS Red Hat OpenShift Container Platform 4 Benchmark,1.4.0,"This profile defines a baseline that aligns to the Center for Internet Security®
Red Hat OpenShift Container Platform 4 Benchmark™, V1.4.

This profile includes Center for Internet Security®
Red Hat OpenShift Container Platform 4 CIS Benchmarks™ content.

Note that this part of the profile is meant to run on the Operating System that
Red Hat OpenShift Container Platform 4 runs on top of.

This profile is applicable to OpenShift versions 4.10 and greater.",1.1.9_xccdf_org.ssgproject.content_rule_file_permissions_ovs_conf_db_lock,Verify Permissions on the Open vSwitch Configuration Database Lock,medium,pass
ip-10-0-225-175.us-east-2.compute.internal,2024-02-27T06:00:25+00:00,Red Hat Enterprise Linux CoreOS,413.92.202401170927-0,uat,xccdf_org.ssgproject.content_profile_cis-node,CIS Red Hat OpenShift Container Platform 4 Benchmark,1.4.0,"This profile defines a baseline that aligns to the Center for Internet Security®
Red Hat OpenShift Container Platform 4 Benchmark™, V1.4.

This profile includes Center for Internet Security®
Red Hat OpenShift Container Platform 4 CIS Benchmarks™ content.

Note that this part of the profile is meant to run on the Operating System that
Red Hat OpenShift Container Platform 4 runs on top of.

This profile is applicable to OpenShift versions 4.10 and greater.",1.1.9_xccdf_org.ssgproject.content_rule_file_permissions_ovs_pid,Verify Permissions on the Open vSwitch Process ID File,medium,pass
ip-10-0-225-175.us-east-2.compute.internal,2024-02-27T06:00:25+00:00,Red Hat Enterprise Linux CoreOS,413.92.202401170927-0,uat,xccdf_org.ssgproject.content_profile_cis-node,CIS Red Hat OpenShift Container Platform 4 Benchmark,1.4.0,"This profile defines a baseline that aligns to the Center for Internet Security®
Red Hat OpenShift Container Platform 4 Benchmark™, V1.4.

This profile includes Center for Internet Security®
Red Hat OpenShift Container Platform 4 CIS Benchmarks™ content.

Note that this part of the profile is meant to run on the Operating System that
Red Hat OpenShift Container Platform 4 runs on top of.

This profile is applicable to OpenShift versions 4.10 and greater.",1.1.9_xccdf_org.ssgproject.content_rule_file_permissions_ovs_sys_id_conf,Verify Permissions on the Open vSwitch Persistent System ID,medium,pass
ip-10-0-225-175.us-east-2.compute.internal,2024-02-27T06:00:25+00:00,Red Hat Enterprise Linux CoreOS,413.92.202401170927-0,uat,xccdf_org.ssgproject.content_profile_cis-node,CIS Red Hat OpenShift Container Platform 4 Benchmark,1.4.0,"This profile defines a baseline that aligns to the Center for Internet Security®
Red Hat OpenShift Container Platform 4 Benchmark™, V1.4.

This profile includes Center for Internet Security®
Red Hat OpenShift Container Platform 4 CIS Benchmarks™ content.

Note that this part of the profile is meant to run on the Operating System that
Red Hat OpenShift Container Platform 4 runs on top of.

This profile is applicable to OpenShift versions 4.10 and greater.",1.1.9_xccdf_org.ssgproject.content_rule_file_permissions_ovs_vswitchd_pid,Verify Permissions on the Open vSwitch Daemon PID File,medium,pass
ip-10-0-225-175.us-east-2.compute.internal,2024-02-27T06:00:25+00:00,Red Hat Enterprise Linux CoreOS,413.92.202401170927-0,uat,xccdf_org.ssgproject.content_profile_cis-node,CIS Red Hat OpenShift Container Platform 4 Benchmark,1.4.0,"This profile defines a baseline that aligns to the Center for Internet Security®
Red Hat OpenShift Container Platform 4 Benchmark™, V1.4.

This profile includes Center for Internet Security®
Red Hat OpenShift Container Platform 4 CIS Benchmarks™ content.

Note that this part of the profile is meant to run on the Operating System that
Red Hat OpenShift Container Platform 4 runs on top of.

This profile is applicable to OpenShift versions 4.10 and greater.",1.1.9_xccdf_org.ssgproject.content_rule_file_permissions_ovsdb_server_pid,Verify Permissions on the Open vSwitch Database Server PID,medium,pass
ip-10-0-225-175.us-east-2.compute.internal,2024-02-27T06:00:25+00:00,Red Hat Enterprise Linux CoreOS,413.92.202401170927-0,uat,xccdf_org.ssgproject.content_profile_cis-node,CIS Red Hat OpenShift Container Platform 4 Benchmark,1.4.0,"This profile defines a baseline that aligns to the Center for Internet Security®
Red Hat OpenShift Container Platform 4 Benchmark™, V1.4.

This profile includes Center for Internet Security®
Red Hat OpenShift Container Platform 4 CIS Benchmarks™ content.

Note that this part of the profile is meant to run on the Operating System that
Red Hat OpenShift Container Platform 4 runs on top of.

This profile is applicable to OpenShift versions 4.10 and greater.",1.1.9_xccdf_org.ssgproject.content_rule_file_perms_openshift_sdn_cniserver_config,Verify Permissions on the OpenShift SDN CNI Server Config,medium,pass
ip-10-0-225-175.us-east-2.compute.internal,2024-02-27T06:00:25+00:00,Red Hat Enterprise Linux CoreOS,413.92.202401170927-0,uat,xccdf_org.ssgproject.content_profile_cis-node,CIS Red Hat OpenShift Container Platform 4 Benchmark,1.4.0,"This profile defines a baseline that aligns to the Center for Internet Security®
Red Hat OpenShift Container Platform 4 Benchmark™, V1.4.

This profile includes Center for Internet Security®
Red Hat OpenShift Container Platform 4 CIS Benchmarks™ content.

Note that this part of the profile is meant to run on the Operating System that
Red Hat OpenShift Container Platform 4 runs on top of.

This profile is applicable to OpenShift versions 4.10 and greater.",1.1.10_xccdf_org.ssgproject.content_rule_file_groupowner_cni_conf,Verify Group Who Owns The OpenShift Container Network Interface Files,medium,pass
ip-10-0-225-175.us-east-2.compute.internal,2024-02-27T06:00:25+00:00,Red Hat Enterprise Linux CoreOS,413.92.202401170927-0,uat,xccdf_org.ssgproject.content_profile_cis-node,CIS Red Hat OpenShift Container Platform 4 Benchmark,1.4.0,"This profile defines a baseline that aligns to the Center for Internet Security®
Red Hat OpenShift Container Platform 4 Benchmark™, V1.4.

This profile includes Center for Internet Security®
Red Hat OpenShift Container Platform 4 CIS Benchmarks™ content.

Note that this part of the profile is meant to run on the Operating System that
Red Hat OpenShift Container Platform 4 runs on top of.

This profile is applicable to OpenShift versions 4.10 and greater.",1.1.10_xccdf_org.ssgproject.content_rule_file_groupowner_ip_allocations,Verify Group Who Owns The OpenShift SDN Container Network Interface Plugin IP Address Allocations,medium,pass
ip-10-0-225-175.us-east-2.compute.internal,2024-02-27T06:00:25+00:00,Red Hat Enterprise Linux CoreOS,413.92.202401170927-0,uat,xccdf_org.ssgproject.content_profile_cis-node,CIS Red Hat OpenShift Container Platform 4 Benchmark,1.4.0,"This profile defines a baseline that aligns to the Center for Internet Security®
Red Hat OpenShift Container Platform 4 Benchmark™, V1.4.

This profile includes Center for Internet Security®
Red Hat OpenShift Container Platform 4 CIS Benchmarks™ content.

Note that this part of the profile is meant to run on the Operating System that
Red Hat OpenShift Container Platform 4 runs on top of.

This profile is applicable to OpenShift versions 4.10 and greater.",1.1.10_xccdf_org.ssgproject.content_rule_file_groupowner_multus_conf,Verify Group Who Owns The OpenShift Multus Container Network Interface Plugin Files,medium,pass
ip-10-0-225-175.us-east-2.compute.internal,2024-02-27T06:00:25+00:00,Red Hat Enterprise Linux CoreOS,413.92.202401170927-0,uat,xccdf_org.ssgproject.content_profile_cis-node,CIS Red Hat OpenShift Container Platform 4 Benchmark,1.4.0,"This profile defines a baseline that aligns to the Center for Internet Security®
Red Hat OpenShift Container Platform 4 Benchmark™, V1.4.

This profile includes Center for Internet Security®
Red Hat OpenShift Container Platform 4 CIS Benchmarks™ content.

Note that this part of the profile is meant to run on the Operating System that
Red Hat OpenShift Container Platform 4 runs on top of.

This profile is applicable to OpenShift versions 4.10 and greater.",1.1.10_xccdf_org.ssgproject.content_rule_file_groupowner_ovn_cni_server_sock,Verify Group Who Owns The OVNKubernetes Socket,medium,notapplicable
ip-10-0-225-175.us-east-2.compute.internal,2024-02-27T06:00:25+00:00,Red Hat Enterprise Linux CoreOS,413.92.202401170927-0,uat,xccdf_org.ssgproject.content_profile_cis-node,CIS Red Hat OpenShift Container Platform 4 Benchmark,1.4.0,"This profile defines a baseline that aligns to the Center for Internet Security®
Red Hat OpenShift Container Platform 4 Benchmark™, V1.4.

This profile includes Center for Internet Security®
Red Hat OpenShift Container Platform 4 CIS Benchmarks™ content.

Note that this part of the profile is meant to run on the Operating System that
Red Hat OpenShift Container Platform 4 runs on top of.

This profile is applicable to OpenShift versions 4.10 and greater.",1.1.10_xccdf_org.ssgproject.content_rule_file_groupowner_ovn_db_files,Verify Group Who Owns The OVNKubernetes DB files,medium,notapplicable
ip-10-0-225-175.us-east-2.compute.internal,2024-02-27T06:00:25+00:00,Red Hat Enterprise Linux CoreOS,413.92.202401170927-0,uat,xccdf_org.ssgproject.content_profile_cis-node,CIS Red Hat OpenShift Container Platform 4 Benchmark,1.4.0,"This profile defines a baseline that aligns to the Center for Internet Security®
Red Hat OpenShift Container Platform 4 Benchmark™, V1.4.

This profile includes Center for Internet Security®
Red Hat OpenShift Container Platform 4 CIS Benchmarks™ content.

Note that this part of the profile is meant to run on the Operating System that
Red Hat OpenShift Container Platform 4 runs on top of.

This profile is applicable to OpenShift versions 4.10 and greater.",1.1.10_xccdf_org.ssgproject.content_rule_file_owner_cni_conf,Verify User Who Owns The OpenShift Container Network Interface Files,medium,pass
ip-10-0-225-175.us-east-2.compute.internal,2024-02-27T06:00:25+00:00,Red Hat Enterprise Linux CoreOS,413.92.202401170927-0,uat,xccdf_org.ssgproject.content_profile_cis-node,CIS Red Hat OpenShift Container Platform 4 Benchmark,1.4.0,"This profile defines a baseline that aligns to the Center for Internet Security®
Red Hat OpenShift Container Platform 4 Benchmark™, V1.4.

This profile includes Center for Internet Security®
Red Hat OpenShift Container Platform 4 CIS Benchmarks™ content.

Note that this part of the profile is meant to run on the Operating System that
Red Hat OpenShift Container Platform 4 runs on top of.

This profile is applicable to OpenShift versions 4.10 and greater.",1.1.10_xccdf_org.ssgproject.content_rule_file_owner_ip_allocations,Verify User Who Owns The OpenShift SDN Container Network Interface Plugin IP Address Allocations,medium,pass
ip-10-0-225-175.us-east-2.compute.internal,2024-02-27T06:00:25+00:00,Red Hat Enterprise Linux CoreOS,413.92.202401170927-0,uat,xccdf_org.ssgproject.content_profile_cis-node,CIS Red Hat OpenShift Container Platform 4 Benchmark,1.4.0,"This profile defines a baseline that aligns to the Center for Internet Security®
Red Hat OpenShift Container Platform 4 Benchmark™, V1.4.

This profile includes Center for Internet Security®
Red Hat OpenShift Container Platform 4 CIS Benchmarks™ content.

Note that this part of the profile is meant to run on the Operating System that
Red Hat OpenShift Container Platform 4 runs on top of.

This profile is applicable to OpenShift versions 4.10 and greater.",1.1.10_xccdf_org.ssgproject.content_rule_file_owner_multus_conf,Verify User Who Owns The OpenShift Multus Container Network Interface Plugin Files,medium,pass
ip-10-0-225-175.us-east-2.compute.internal,2024-02-27T06:00:25+00:00,Red Hat Enterprise Linux CoreOS,413.92.202401170927-0,uat,xccdf_org.ssgproject.content_profile_cis-node,CIS Red Hat OpenShift Container Platform 4 Benchmark,1.4.0,"This profile defines a baseline that aligns to the Center for Internet Security®
Red Hat OpenShift Container Platform 4 Benchmark™, V1.4.

This profile includes Center for Internet Security®
Red Hat OpenShift Container Platform 4 CIS Benchmarks™ content.

Note that this part of the profile is meant to run on the Operating System that
Red Hat OpenShift Container Platform 4 runs on top of.

This profile is applicable to OpenShift versions 4.10 and greater.",1.1.10_xccdf_org.ssgproject.content_rule_file_owner_ovn_cni_server_sock,Verify User Who Owns The OVNKubernetes Socket,medium,notapplicable
ip-10-0-225-175.us-east-2.compute.internal,2024-02-27T06:00:25+00:00,Red Hat Enterprise Linux CoreOS,413.92.202401170927-0,uat,xccdf_org.ssgproject.content_profile_cis-node,CIS Red Hat OpenShift Container Platform 4 Benchmark,1.4.0,"This profile defines a baseline that aligns to the Center for Internet Security®
Red Hat OpenShift Container Platform 4 Benchmark™, V1.4.

This profile includes Center for Internet Security®
Red Hat OpenShift Container Platform 4 CIS Benchmarks™ content.

Note that this part of the profile is meant to run on the Operating System that
Red Hat OpenShift Container Platform 4 runs on top of.

This profile is applicable to OpenShift versions 4.10 and greater.",1.1.10_xccdf_org.ssgproject.content_rule_file_owner_ovn_db_files,Verify Who Owns The OVNKubernetes DB files,medium,notapplicable
ip-10-0-225-175.us-east-2.compute.internal,2024-02-27T06:00:25+00:00,Red Hat Enterprise Linux CoreOS,413.92.202401170927-0,uat,xccdf_org.ssgproject.content_profile_cis-node,CIS Red Hat OpenShift Container Platform 4 Benchmark,1.4.0,"This profile defines a baseline that aligns to the Center for Internet Security®
Red Hat OpenShift Container Platform 4 Benchmark™, V1.4.

This profile includes Center for Internet Security®
Red Hat OpenShift Container Platform 4 CIS Benchmarks™ content.

Note that this part of the profile is meant to run on the Operating System that
Red Hat OpenShift Container Platform 4 runs on top of.

This profile is applicable to OpenShift versions 4.10 and greater.",1.1.11_xccdf_org.ssgproject.content_rule_file_permissions_etcd_data_dir,Verify Permissions on the Etcd Database Directory,medium,pass
ip-10-0-225-175.us-east-2.compute.internal,2024-02-27T06:00:25+00:00,Red Hat Enterprise Linux CoreOS,413.92.202401170927-0,uat,xccdf_org.ssgproject.content_profile_cis-node,CIS Red Hat OpenShift Container Platform 4 Benchmark,1.4.0,"This profile defines a baseline that aligns to the Center for Internet Security®
Red Hat OpenShift Container Platform 4 Benchmark™, V1.4.

This profile includes Center for Internet Security®
Red Hat OpenShift Container Platform 4 CIS Benchmarks™ content.

Note that this part of the profile is meant to run on the Operating System that
Red Hat OpenShift Container Platform 4 runs on top of.

This profile is applicable to OpenShift versions 4.10 and greater.",1.1.11_xccdf_org.ssgproject.content_rule_file_permissions_etcd_data_files,Verify Permissions on the Etcd Write-Ahead-Log Files,medium,pass
ip-10-0-225-175.us-east-2.compute.internal,2024-02-27T06:00:25+00:00,Red Hat Enterprise Linux CoreOS,413.92.202401170927-0,uat,xccdf_org.ssgproject.content_profile_cis-node,CIS Red Hat OpenShift Container Platform 4 Benchmark,1.4.0,"This profile defines a baseline that aligns to the Center for Internet Security®
Red Hat OpenShift Container Platform 4 Benchmark™, V1.4.

This profile includes Center for Internet Security®
Red Hat OpenShift Container Platform 4 CIS Benchmarks™ content.

Note that this part of the profile is meant to run on the Operating System that
Red Hat OpenShift Container Platform 4 runs on top of.

This profile is applicable to OpenShift versions 4.10 and greater.",1.1.12_xccdf_org.ssgproject.content_rule_file_groupowner_etcd_data_dir,Verify Group Who Owns The Etcd Database Directory,medium,pass
ip-10-0-225-175.us-east-2.compute.internal,2024-02-27T06:00:25+00:00,Red Hat Enterprise Linux CoreOS,413.92.202401170927-0,uat,xccdf_org.ssgproject.content_profile_cis-node,CIS Red Hat OpenShift Container Platform 4 Benchmark,1.4.0,"This profile defines a baseline that aligns to the Center for Internet Security®
Red Hat OpenShift Container Platform 4 Benchmark™, V1.4.

This profile includes Center for Internet Security®
Red Hat OpenShift Container Platform 4 CIS Benchmarks™ content.

Note that this part of the profile is meant to run on the Operating System that
Red Hat OpenShift Container Platform 4 runs on top of.

This profile is applicable to OpenShift versions 4.10 and greater.",1.1.12_xccdf_org.ssgproject.content_rule_file_groupowner_etcd_data_files,Verify Group Who Owns The Etcd Write-Ahead-Log Files,medium,pass
ip-10-0-225-175.us-east-2.compute.internal,2024-02-27T06:00:25+00:00,Red Hat Enterprise Linux CoreOS,413.92.202401170927-0,uat,xccdf_org.ssgproject.content_profile_cis-node,CIS Red Hat OpenShift Container Platform 4 Benchmark,1.4.0,"This profile defines a baseline that aligns to the Center for Internet Security®
Red Hat OpenShift Container Platform 4 Benchmark™, V1.4.

This profile includes Center for Internet Security®
Red Hat OpenShift Container Platform 4 CIS Benchmarks™ content.

Note that this part of the profile is meant to run on the Operating System that
Red Hat OpenShift Container Platform 4 runs on top of.

This profile is applicable to OpenShift versions 4.10 and greater.",1.1.12_xccdf_org.ssgproject.content_rule_file_owner_etcd_data_dir,Verify User Who Owns The Etcd Database Directory,medium,pass
ip-10-0-225-175.us-east-2.compute.internal,2024-02-27T06:00:25+00:00,Red Hat Enterprise Linux CoreOS,413.92.202401170927-0,uat,xccdf_org.ssgproject.content_profile_cis-node,CIS Red Hat OpenShift Container Platform 4 Benchmark,1.4.0,"This profile defines a baseline that aligns to the Center for Internet Security®
Red Hat OpenShift Container Platform 4 Benchmark™, V1.4.

This profile includes Center for Internet Security®
Red Hat OpenShift Container Platform 4 CIS Benchmarks™ content.

Note that this part of the profile is meant to run on the Operating System that
Red Hat OpenShift Container Platform 4 runs on top of.

This profile is applicable to OpenShift versions 4.10 and greater.",1.1.12_xccdf_org.ssgproject.content_rule_file_owner_etcd_data_files,Verify User Who Owns The Etcd Write-Ahead-Log Files,medium,pass
ip-10-0-225-175.us-east-2.compute.internal,2024-02-27T06:00:25+00:00,Red Hat Enterprise Linux CoreOS,413.92.202401170927-0,uat,xccdf_org.ssgproject.content_profile_cis-node,CIS Red Hat OpenShift Container Platform 4 Benchmark,1.4.0,"This profile defines a baseline that aligns to the Center for Internet Security®
Red Hat OpenShift Container Platform 4 Benchmark™, V1.4.

This profile includes Center for Internet Security®
Red Hat OpenShift Container Platform 4 CIS Benchmarks™ content.

Note that this part of the profile is meant to run on the Operating System that
Red Hat OpenShift Container Platform 4 runs on top of.

This profile is applicable to OpenShift versions 4.10 and greater.",1.1.13_xccdf_org.ssgproject.content_rule_file_permissions_master_admin_kubeconfigs,Verify Permissions on the OpenShift Admin Kubeconfig Files,medium,pass
ip-10-0-225-175.us-east-2.compute.internal,2024-02-27T06:00:25+00:00,Red Hat Enterprise Linux CoreOS,413.92.202401170927-0,uat,xccdf_org.ssgproject.content_profile_cis-node,CIS Red Hat OpenShift Container Platform 4 Benchmark,1.4.0,"This profile defines a baseline that aligns to the Center for Internet Security®
Red Hat OpenShift Container Platform 4 Benchmark™, V1.4.

This profile includes Center for Internet Security®
Red Hat OpenShift Container Platform 4 CIS Benchmarks™ content.

Note that this part of the profile is meant to run on the Operating System that
Red Hat OpenShift Container Platform 4 runs on top of.

This profile is applicable to OpenShift versions 4.10 and greater.",1.1.14_xccdf_org.ssgproject.content_rule_file_groupowner_master_admin_kubeconfigs,Verify Group Who Owns The OpenShift Admin Kubeconfig Files,medium,pass
ip-10-0-225-175.us-east-2.compute.internal,2024-02-27T06:00:25+00:00,Red Hat Enterprise Linux CoreOS,413.92.202401170927-0,uat,xccdf_org.ssgproject.content_profile_cis-node,CIS Red Hat OpenShift Container Platform 4 Benchmark,1.4.0,"This profile defines a baseline that aligns to the Center for Internet Security®
Red Hat OpenShift Container Platform 4 Benchmark™, V1.4.

This profile includes Center for Internet Security®
Red Hat OpenShift Container Platform 4 CIS Benchmarks™ content.

Note that this part of the profile is meant to run on the Operating System that
Red Hat OpenShift Container Platform 4 runs on top of.

This profile is applicable to OpenShift versions 4.10 and greater.",1.1.14_xccdf_org.ssgproject.content_rule_file_owner_master_admin_kubeconfigs,Verify User Who Owns The OpenShift Admin Kubeconfig Files,medium,pass
ip-10-0-225-175.us-east-2.compute.internal,2024-02-27T06:00:25+00:00,Red Hat Enterprise Linux CoreOS,413.92.202401170927-0,uat,xccdf_org.ssgproject.content_profile_cis-node,CIS Red Hat OpenShift Container Platform 4 Benchmark,1.4.0,"This profile defines a baseline that aligns to the Center for Internet Security®
Red Hat OpenShift Container Platform 4 Benchmark™, V1.4.

This profile includes Center for Internet Security®
Red Hat OpenShift Container Platform 4 CIS Benchmarks™ content.

Note that this part of the profile is meant to run on the Operating System that
Red Hat OpenShift Container Platform 4 runs on top of.

This profile is applicable to OpenShift versions 4.10 and greater.",1.1.15_xccdf_org.ssgproject.content_rule_file_permissions_scheduler_kubeconfig,Verify Permissions on the Kubernetes Scheduler Kubeconfig File,medium,pass
ip-10-0-225-175.us-east-2.compute.internal,2024-02-27T06:00:25+00:00,Red Hat Enterprise Linux CoreOS,413.92.202401170927-0,uat,xccdf_org.ssgproject.content_profile_cis-node,CIS Red Hat OpenShift Container Platform 4 Benchmark,1.4.0,"This profile defines a baseline that aligns to the Center for Internet Security®
Red Hat OpenShift Container Platform 4 Benchmark™, V1.4.

This profile includes Center for Internet Security®
Red Hat OpenShift Container Platform 4 CIS Benchmarks™ content.

Note that this part of the profile is meant to run on the Operating System that
Red Hat OpenShift Container Platform 4 runs on top of.

This profile is applicable to OpenShift versions 4.10 and greater.",1.1.16_xccdf_org.ssgproject.content_rule_file_groupowner_scheduler_kubeconfig,Verify Group Who Owns The Kubernetes Scheduler Kubeconfig File,medium,pass
ip-10-0-225-175.us-east-2.compute.internal,2024-02-27T06:00:25+00:00,Red Hat Enterprise Linux CoreOS,413.92.202401170927-0,uat,xccdf_org.ssgproject.content_profile_cis-node,CIS Red Hat OpenShift Container Platform 4 Benchmark,1.4.0,"This profile defines a baseline that aligns to the Center for Internet Security®
Red Hat OpenShift Container Platform 4 Benchmark™, V1.4.

This profile includes Center for Internet Security®
Red Hat OpenShift Container Platform 4 CIS Benchmarks™ content.

Note that this part of the profile is meant to run on the Operating System that
Red Hat OpenShift Container Platform 4 runs on top of.

This profile is applicable to OpenShift versions 4.10 and greater.",1.1.16_xccdf_org.ssgproject.content_rule_file_owner_scheduler_kubeconfig,Verify User Who Owns The Kubernetes Scheduler Kubeconfig File,medium,pass
ip-10-0-225-175.us-east-2.compute.internal,2024-02-27T06:00:25+00:00,Red Hat Enterprise Linux CoreOS,413.92.202401170927-0,uat,xccdf_org.ssgproject.content_profile_cis-node,CIS Red Hat OpenShift Container Platform 4 Benchmark,1.4.0,"This profile defines a baseline that aligns to the Center for Internet Security®
Red Hat OpenShift Container Platform 4 Benchmark™, V1.4.

This profile includes Center for Internet Security®
Red Hat OpenShift Container Platform 4 CIS Benchmarks™ content.

Note that this part of the profile is meant to run on the Operating System that
Red Hat OpenShift Container Platform 4 runs on top of.

This profile is applicable to OpenShift versions 4.10 and greater.",1.1.17_xccdf_org.ssgproject.content_rule_file_permissions_controller_manager_kubeconfig,Verify Permissions on the OpenShift Controller Manager Kubeconfig File,medium,pass
ip-10-0-225-175.us-east-2.compute.internal,2024-02-27T06:00:25+00:00,Red Hat Enterprise Linux CoreOS,413.92.202401170927-0,uat,xccdf_org.ssgproject.content_profile_cis-node,CIS Red Hat OpenShift Container Platform 4 Benchmark,1.4.0,"This profile defines a baseline that aligns to the Center for Internet Security®
Red Hat OpenShift Container Platform 4 Benchmark™, V1.4.

This profile includes Center for Internet Security®
Red Hat OpenShift Container Platform 4 CIS Benchmarks™ content.

Note that this part of the profile is meant to run on the Operating System that
Red Hat OpenShift Container Platform 4 runs on top of.

This profile is applicable to OpenShift versions 4.10 and greater.",1.1.18_xccdf_org.ssgproject.content_rule_file_groupowner_controller_manager_kubeconfig,Verify Group Who Owns The OpenShift Controller Manager Kubeconfig File,medium,pass
ip-10-0-225-175.us-east-2.compute.internal,2024-02-27T06:00:25+00:00,Red Hat Enterprise Linux CoreOS,413.92.202401170927-0,uat,xccdf_org.ssgproject.content_profile_cis-node,CIS Red Hat OpenShift Container Platform 4 Benchmark,1.4.0,"This profile defines a baseline that aligns to the Center for Internet Security®
Red Hat OpenShift Container Platform 4 Benchmark™, V1.4.

This profile includes Center for Internet Security®
Red Hat OpenShift Container Platform 4 CIS Benchmarks™ content.

Note that this part of the profile is meant to run on the Operating System that
Red Hat OpenShift Container Platform 4 runs on top of.

This profile is applicable to OpenShift versions 4.10 and greater.",1.1.18_xccdf_org.ssgproject.content_rule_file_owner_controller_manager_kubeconfig,Verify User Who Owns The OpenShift Controller Manager Kubeconfig File,medium,pass
ip-10-0-225-175.us-east-2.compute.internal,2024-02-27T06:00:25+00:00,Red Hat Enterprise Linux CoreOS,413.92.202401170927-0,uat,xccdf_org.ssgproject.content_profile_cis-node,CIS Red Hat OpenShift Container Platform 4 Benchmark,1.4.0,"This profile defines a baseline that aligns to the Center for Internet Security®
Red Hat OpenShift Container Platform 4 Benchmark™, V1.4.

This profile includes Center for Internet Security®
Red Hat OpenShift Container Platform 4 CIS Benchmarks™ content.

Note that this part of the profile is meant to run on the Operating System that
Red Hat OpenShift Container Platform 4 runs on top of.

This profile is applicable to OpenShift versions 4.10 and greater.",1.1.19_xccdf_org.ssgproject.content_rule_file_groupowner_etcd_pki_cert_files,Verify Group Who Owns The Etcd PKI Certificate Files,medium,pass
ip-10-0-225-175.us-east-2.compute.internal,2024-02-27T06:00:25+00:00,Red Hat Enterprise Linux CoreOS,413.92.202401170927-0,uat,xccdf_org.ssgproject.content_profile_cis-node,CIS Red Hat OpenShift Container Platform 4 Benchmark,1.4.0,"This profile defines a baseline that aligns to the Center for Internet Security®
Red Hat OpenShift Container Platform 4 Benchmark™, V1.4.

This profile includes Center for Internet Security®
Red Hat OpenShift Container Platform 4 CIS Benchmarks™ content.

Note that this part of the profile is meant to run on the Operating System that
Red Hat OpenShift Container Platform 4 runs on top of.

This profile is applicable to OpenShift versions 4.10 and greater.",1.1.19_xccdf_org.ssgproject.content_rule_file_groupowner_openshift_pki_cert_files,Verify Group Who Owns The OpenShift PKI Certificate Files,medium,pass
ip-10-0-225-175.us-east-2.compute.internal,2024-02-27T06:00:25+00:00,Red Hat Enterprise Linux CoreOS,413.92.202401170927-0,uat,xccdf_org.ssgproject.content_profile_cis-node,CIS Red Hat OpenShift Container Platform 4 Benchmark,1.4.0,"This profile defines a baseline that aligns to the Center for Internet Security®
Red Hat OpenShift Container Platform 4 Benchmark™, V1.4.

This profile includes Center for Internet Security®
Red Hat OpenShift Container Platform 4 CIS Benchmarks™ content.

Note that this part of the profile is meant to run on the Operating System that
Red Hat OpenShift Container Platform 4 runs on top of.

This profile is applicable to OpenShift versions 4.10 and greater.",1.1.19_xccdf_org.ssgproject.content_rule_file_groupowner_openshift_pki_key_files,Verify Group Who Owns The OpenShift PKI Private Key Files,medium,pass
ip-10-0-225-175.us-east-2.compute.internal,2024-02-27T06:00:25+00:00,Red Hat Enterprise Linux CoreOS,413.92.202401170927-0,uat,xccdf_org.ssgproject.content_profile_cis-node,CIS Red Hat OpenShift Container Platform 4 Benchmark,1.4.0,"This profile defines a baseline that aligns to the Center for Internet Security®
Red Hat OpenShift Container Platform 4 Benchmark™, V1.4.

This profile includes Center for Internet Security®
Red Hat OpenShift Container Platform 4 CIS Benchmarks™ content.

Note that this part of the profile is meant to run on the Operating System that
Red Hat OpenShift Container Platform 4 runs on top of.

This profile is applicable to OpenShift versions 4.10 and greater.",1.1.19_xccdf_org.ssgproject.content_rule_file_owner_etcd_pki_cert_files,Verify User Who Owns The Etcd PKI Certificate Files,medium,pass
ip-10-0-225-175.us-east-2.compute.internal,2024-02-27T06:00:25+00:00,Red Hat Enterprise Linux CoreOS,413.92.202401170927-0,uat,xccdf_org.ssgproject.content_profile_cis-node,CIS Red Hat OpenShift Container Platform 4 Benchmark,1.4.0,"This profile defines a baseline that aligns to the Center for Internet Security®
Red Hat OpenShift Container Platform 4 Benchmark™, V1.4.

This profile includes Center for Internet Security®
Red Hat OpenShift Container Platform 4 CIS Benchmarks™ content.

Note that this part of the profile is meant to run on the Operating System that
Red Hat OpenShift Container Platform 4 runs on top of.

This profile is applicable to OpenShift versions 4.10 and greater.",1.1.19_xccdf_org.ssgproject.content_rule_file_owner_openshift_pki_cert_files,Verify User Who Owns The OpenShift PKI Certificate Files,medium,pass
ip-10-0-225-175.us-east-2.compute.internal,2024-02-27T06:00:25+00:00,Red Hat Enterprise Linux CoreOS,413.92.202401170927-0,uat,xccdf_org.ssgproject.content_profile_cis-node,CIS Red Hat OpenShift Container Platform 4 Benchmark,1.4.0,"This profile defines a baseline that aligns to the Center for Internet Security®
Red Hat OpenShift Container Platform 4 Benchmark™, V1.4.

This profile includes Center for Internet Security®
Red Hat OpenShift Container Platform 4 CIS Benchmarks™ content.

Note that this part of the profile is meant to run on the Operating System that
Red Hat OpenShift Container Platform 4 runs on top of.

This profile is applicable to OpenShift versions 4.10 and greater.",1.1.19_xccdf_org.ssgproject.content_rule_file_owner_openshift_pki_key_files,Verify User Who Owns The OpenShift PKI Private Key Files,medium,pass
ip-10-0-225-175.us-east-2.compute.internal,2024-02-27T06:00:25+00:00,Red Hat Enterprise Linux CoreOS,413.92.202401170927-0,uat,xccdf_org.ssgproject.content_profile_cis-node,CIS Red Hat OpenShift Container Platform 4 Benchmark,1.4.0,"This profile defines a baseline that aligns to the Center for Internet Security®
Red Hat OpenShift Container Platform 4 Benchmark™, V1.4.

This profile includes Center for Internet Security®
Red Hat OpenShift Container Platform 4 CIS Benchmarks™ content.

Note that this part of the profile is meant to run on the Operating System that
Red Hat OpenShift Container Platform 4 runs on top of.

This profile is applicable to OpenShift versions 4.10 and greater.",1.1.20_xccdf_org.ssgproject.content_rule_file_permissions_etcd_pki_cert_files,Verify Permissions on the Etcd PKI Certificate Files,medium,pass
ip-10-0-225-175.us-east-2.compute.internal,2024-02-27T06:00:25+00:00,Red Hat Enterprise Linux CoreOS,413.92.202401170927-0,uat,xccdf_org.ssgproject.content_profile_cis-node,CIS Red Hat OpenShift Container Platform 4 Benchmark,1.4.0,"This profile defines a baseline that aligns to the Center for Internet Security®
Red Hat OpenShift Container Platform 4 Benchmark™, V1.4.

This profile includes Center for Internet Security®
Red Hat OpenShift Container Platform 4 CIS Benchmarks™ content.

Note that this part of the profile is meant to run on the Operating System that
Red Hat OpenShift Container Platform 4 runs on top of.

This profile is applicable to OpenShift versions 4.10 and greater.",1.1.20_xccdf_org.ssgproject.content_rule_file_permissions_openshift_pki_cert_files,Verify Permissions on the OpenShift PKI Certificate Files,medium,pass
ip-10-0-225-175.us-east-2.compute.internal,2024-02-27T06:00:25+00:00,Red Hat Enterprise Linux CoreOS,413.92.202401170927-0,uat,xccdf_org.ssgproject.content_profile_cis-node,CIS Red Hat OpenShift Container Platform 4 Benchmark,1.4.0,"This profile defines a baseline that aligns to the Center for Internet Security®
Red Hat OpenShift Container Platform 4 Benchmark™, V1.4.

This profile includes Center for Internet Security®
Red Hat OpenShift Container Platform 4 CIS Benchmarks™ content.

Note that this part of the profile is meant to run on the Operating System that
Red Hat OpenShift Container Platform 4 runs on top of.

This profile is applicable to OpenShift versions 4.10 and greater.",1.1.21_xccdf_org.ssgproject.content_rule_file_permissions_openshift_pki_key_files,Verify Permissions on the OpenShift PKI Private Key Files,medium,pass
ip-10-0-225-175.us-east-2.compute.internal,2024-02-27T06:00:25+00:00,Red Hat Enterprise Linux CoreOS,413.92.202401170927-0,uat,xccdf_org.ssgproject.content_profile_cis-node,CIS Red Hat OpenShift Container Platform 4 Benchmark,1.4.0,"This profile defines a baseline that aligns to the Center for Internet Security®
Red Hat OpenShift Container Platform 4 Benchmark™, V1.4.

This profile includes Center for Internet Security®
Red Hat OpenShift Container Platform 4 CIS Benchmarks™ content.

Note that this part of the profile is meant to run on the Operating System that
Red Hat OpenShift Container Platform 4 runs on top of.

This profile is applicable to OpenShift versions 4.10 and greater.",1.3.1_xccdf_org.ssgproject.content_rule_kubelet_eviction_thresholds_set_hard_imagefs_available,Ensure Eviction threshold Settings Are Set - evictionHard: imagefs.available,medium,pass
ip-10-0-225-175.us-east-2.compute.internal,2024-02-27T06:00:25+00:00,Red Hat Enterprise Linux CoreOS,413.92.202401170927-0,uat,xccdf_org.ssgproject.content_profile_cis-node,CIS Red Hat OpenShift Container Platform 4 Benchmark,1.4.0,"This profile defines a baseline that aligns to the Center for Internet Security®
Red Hat OpenShift Container Platform 4 Benchmark™, V1.4.

This profile includes Center for Internet Security®
Red Hat OpenShift Container Platform 4 CIS Benchmarks™ content.

Note that this part of the profile is meant to run on the Operating System that
Red Hat OpenShift Container Platform 4 runs on top of.

This profile is applicable to OpenShift versions 4.10 and greater.",1.3.1_xccdf_org.ssgproject.content_rule_kubelet_eviction_thresholds_set_hard_memory_available,Ensure Eviction threshold Settings Are Set - evictionHard: memory.available,medium,pass
ip-10-0-225-175.us-east-2.compute.internal,2024-02-27T06:00:25+00:00,Red Hat Enterprise Linux CoreOS,413.92.202401170927-0,uat,xccdf_org.ssgproject.content_profile_cis-node,CIS Red Hat OpenShift Container Platform 4 Benchmark,1.4.0,"This profile defines a baseline that aligns to the Center for Internet Security®
Red Hat OpenShift Container Platform 4 Benchmark™, V1.4.

This profile includes Center for Internet Security®
Red Hat OpenShift Container Platform 4 CIS Benchmarks™ content.

Note that this part of the profile is meant to run on the Operating System that
Red Hat OpenShift Container Platform 4 runs on top of.

This profile is applicable to OpenShift versions 4.10 and greater.",1.3.1_xccdf_org.ssgproject.content_rule_kubelet_eviction_thresholds_set_hard_nodefs_available,Ensure Eviction threshold Settings Are Set - evictionHard: nodefs.available,medium,pass
ip-10-0-225-175.us-east-2.compute.internal,2024-02-27T06:00:25+00:00,Red Hat Enterprise Linux CoreOS,413.92.202401170927-0,uat,xccdf_org.ssgproject.content_profile_cis-node,CIS Red Hat OpenShift Container Platform 4 Benchmark,1.4.0,"This profile defines a baseline that aligns to the Center for Internet Security®
Red Hat OpenShift Container Platform 4 Benchmark™, V1.4.

This profile includes Center for Internet Security®
Red Hat OpenShift Container Platform 4 CIS Benchmarks™ content.

Note that this part of the profile is meant to run on the Operating System that
Red Hat OpenShift Container Platform 4 runs on top of.

This profile is applicable to OpenShift versions 4.10 and greater.",1.3.1_xccdf_org.ssgproject.content_rule_kubelet_eviction_thresholds_set_hard_nodefs_inodesfree,Ensure Eviction threshold Settings Are Set - evictionHard: nodefs.inodesFree,medium,pass
ip-10-0-225-175.us-east-2.compute.internal,2024-02-27T06:00:25+00:00,Red Hat Enterprise Linux CoreOS,413.92.202401170927-0,uat,xccdf_org.ssgproject.content_profile_cis-node,CIS Red Hat OpenShift Container Platform 4 Benchmark,1.4.0,"This profile defines a baseline that aligns to the Center for Internet Security®
Red Hat OpenShift Container Platform 4 Benchmark™, V1.4.

This profile includes Center for Internet Security®
Red Hat OpenShift Container Platform 4 CIS Benchmarks™ content.

Note that this part of the profile is meant to run on the Operating System that
Red Hat OpenShift Container Platform 4 runs on top of.

This profile is applicable to OpenShift versions 4.10 and greater.",2.7_xccdf_org.ssgproject.content_rule_etcd_unique_ca,Configure A Unique CA Certificate for etcd,medium,pass
ip-10-0-225-175.us-east-2.compute.internal,2024-02-27T06:00:25+00:00,Red Hat Enterprise Linux CoreOS,413.92.202401170927-0,uat,xccdf_org.ssgproject.content_profile_cis-node,CIS Red Hat OpenShift Container Platform 4 Benchmark,1.4.0,"This profile defines a baseline that aligns to the Center for Internet Security®
Red Hat OpenShift Container Platform 4 Benchmark™, V1.4.

This profile includes Center for Internet Security®
Red Hat OpenShift Container Platform 4 CIS Benchmarks™ content.

Note that this part of the profile is meant to run on the Operating System that
Red Hat OpenShift Container Platform 4 runs on top of.

This profile is applicable to OpenShift versions 4.10 and greater.",4.1.1_xccdf_org.ssgproject.content_rule_file_permissions_worker_service,Verify Permissions on the OpenShift Node Service File,medium,pass
ip-10-0-225-175.us-east-2.compute.internal,2024-02-27T06:00:25+00:00,Red Hat Enterprise Linux CoreOS,413.92.202401170927-0,uat,xccdf_org.ssgproject.content_profile_cis-node,CIS Red Hat OpenShift Container Platform 4 Benchmark,1.4.0,"This profile defines a baseline that aligns to the Center for Internet Security®
Red Hat OpenShift Container Platform 4 Benchmark™, V1.4.

This profile includes Center for Internet Security®
Red Hat OpenShift Container Platform 4 CIS Benchmarks™ content.

Note that this part of the profile is meant to run on the Operating System that
Red Hat OpenShift Container Platform 4 runs on top of.

This profile is applicable to OpenShift versions 4.10 and greater.",4.1.2_xccdf_org.ssgproject.content_rule_file_groupowner_worker_service,Verify Group Who Owns The OpenShift Node Service File,medium,pass
ip-10-0-225-175.us-east-2.compute.internal,2024-02-27T06:00:25+00:00,Red Hat Enterprise Linux CoreOS,413.92.202401170927-0,uat,xccdf_org.ssgproject.content_profile_cis-node,CIS Red Hat OpenShift Container Platform 4 Benchmark,1.4.0,"This profile defines a baseline that aligns to the Center for Internet Security®
Red Hat OpenShift Container Platform 4 Benchmark™, V1.4.

This profile includes Center for Internet Security®
Red Hat OpenShift Container Platform 4 CIS Benchmarks™ content.

Note that this part of the profile is meant to run on the Operating System that
Red Hat OpenShift Container Platform 4 runs on top of.

This profile is applicable to OpenShift versions 4.10 and greater.",4.1.2_xccdf_org.ssgproject.content_rule_file_owner_worker_service,Verify User Who Owns The OpenShift Node Service File,medium,pass
ip-10-0-225-175.us-east-2.compute.internal,2024-02-27T06:00:25+00:00,Red Hat Enterprise Linux CoreOS,413.92.202401170927-0,uat,xccdf_org.ssgproject.content_profile_cis-node,CIS Red Hat OpenShift Container Platform 4 Benchmark,1.4.0,"This profile defines a baseline that aligns to the Center for Internet Security®
Red Hat OpenShift Container Platform 4 Benchmark™, V1.4.

This profile includes Center for Internet Security®
Red Hat OpenShift Container Platform 4 CIS Benchmarks™ content.

Note that this part of the profile is meant to run on the Operating System that
Red Hat OpenShift Container Platform 4 runs on top of.

This profile is applicable to OpenShift versions 4.10 and greater.",4.1.5_xccdf_org.ssgproject.content_rule_file_permissions_kubelet_conf,Verify Permissions on The Kubelet Configuration File,medium,pass
ip-10-0-225-175.us-east-2.compute.internal,2024-02-27T06:00:25+00:00,Red Hat Enterprise Linux CoreOS,413.92.202401170927-0,uat,xccdf_org.ssgproject.content_profile_cis-node,CIS Red Hat OpenShift Container Platform 4 Benchmark,1.4.0,"This profile defines a baseline that aligns to the Center for Internet Security®
Red Hat OpenShift Container Platform 4 Benchmark™, V1.4.

This profile includes Center for Internet Security®
Red Hat OpenShift Container Platform 4 CIS Benchmarks™ content.

Note that this part of the profile is meant to run on the Operating System that
Red Hat OpenShift Container Platform 4 runs on top of.

This profile is applicable to OpenShift versions 4.10 and greater.",4.1.6_xccdf_org.ssgproject.content_rule_file_groupowner_kubelet_conf,Verify Group Who Owns The Kubelet Configuration File,medium,pass
ip-10-0-225-175.us-east-2.compute.internal,2024-02-27T06:00:25+00:00,Red Hat Enterprise Linux CoreOS,413.92.202401170927-0,uat,xccdf_org.ssgproject.content_profile_cis-node,CIS Red Hat OpenShift Container Platform 4 Benchmark,1.4.0,"This profile defines a baseline that aligns to the Center for Internet Security®
Red Hat OpenShift Container Platform 4 Benchmark™, V1.4.

This profile includes Center for Internet Security®
Red Hat OpenShift Container Platform 4 CIS Benchmarks™ content.

Note that this part of the profile is meant to run on the Operating System that
Red Hat OpenShift Container Platform 4 runs on top of.

This profile is applicable to OpenShift versions 4.10 and greater.",4.1.6_xccdf_org.ssgproject.content_rule_file_owner_kubelet,Verify User Who Owns The Kubelet Configuration File,medium,pass
ip-10-0-225-175.us-east-2.compute.internal,2024-02-27T06:00:25+00:00,Red Hat Enterprise Linux CoreOS,413.92.202401170927-0,uat,xccdf_org.ssgproject.content_profile_cis-node,CIS Red Hat OpenShift Container Platform 4 Benchmark,1.4.0,"This profile defines a baseline that aligns to the Center for Internet Security®
Red Hat OpenShift Container Platform 4 Benchmark™, V1.4.

This profile includes Center for Internet Security®
Red Hat OpenShift Container Platform 4 CIS Benchmarks™ content.

Note that this part of the profile is meant to run on the Operating System that
Red Hat OpenShift Container Platform 4 runs on top of.

This profile is applicable to OpenShift versions 4.10 and greater.",4.1.6_xccdf_org.ssgproject.content_rule_file_owner_kubelet_conf,Verify User Who Owns The Kubelet Configuration File,medium,pass
ip-10-0-225-175.us-east-2.compute.internal,2024-02-27T06:00:25+00:00,Red Hat Enterprise Linux CoreOS,413.92.202401170927-0,uat,xccdf_org.ssgproject.content_profile_cis-node,CIS Red Hat OpenShift Container Platform 4 Benchmark,1.4.0,"This profile defines a baseline that aligns to the Center for Internet Security®
Red Hat OpenShift Container Platform 4 Benchmark™, V1.4.

This profile includes Center for Internet Security®
Red Hat OpenShift Container Platform 4 CIS Benchmarks™ content.

Note that this part of the profile is meant to run on the Operating System that
Red Hat OpenShift Container Platform 4 runs on top of.

This profile is applicable to OpenShift versions 4.10 and greater.",4.1.7_xccdf_org.ssgproject.content_rule_file_permissions_worker_ca,Verify Permissions on the Worker Certificate Authority File,medium,pass
ip-10-0-225-175.us-east-2.compute.internal,2024-02-27T06:00:25+00:00,Red Hat Enterprise Linux CoreOS,413.92.202401170927-0,uat,xccdf_org.ssgproject.content_profile_cis-node,CIS Red Hat OpenShift Container Platform 4 Benchmark,1.4.0,"This profile defines a baseline that aligns to the Center for Internet Security®
Red Hat OpenShift Container Platform 4 Benchmark™, V1.4.

This profile includes Center for Internet Security®
Red Hat OpenShift Container Platform 4 CIS Benchmarks™ content.

Note that this part of the profile is meant to run on the Operating System that
Red Hat OpenShift Container Platform 4 runs on top of.

This profile is applicable to OpenShift versions 4.10 and greater.",4.1.8_xccdf_org.ssgproject.content_rule_file_groupowner_worker_ca,Verify Group Who Owns the Worker Certificate Authority File,medium,pass
ip-10-0-225-175.us-east-2.compute.internal,2024-02-27T06:00:25+00:00,Red Hat Enterprise Linux CoreOS,413.92.202401170927-0,uat,xccdf_org.ssgproject.content_profile_cis-node,CIS Red Hat OpenShift Container Platform 4 Benchmark,1.4.0,"This profile defines a baseline that aligns to the Center for Internet Security®
Red Hat OpenShift Container Platform 4 Benchmark™, V1.4.

This profile includes Center for Internet Security®
Red Hat OpenShift Container Platform 4 CIS Benchmarks™ content.

Note that this part of the profile is meant to run on the Operating System that
Red Hat OpenShift Container Platform 4 runs on top of.

This profile is applicable to OpenShift versions 4.10 and greater.",4.1.8_xccdf_org.ssgproject.content_rule_file_owner_worker_ca,Verify User Who Owns the Worker Certificate Authority File,medium,pass
ip-10-0-225-175.us-east-2.compute.internal,2024-02-27T06:00:25+00:00,Red Hat Enterprise Linux CoreOS,413.92.202401170927-0,uat,xccdf_org.ssgproject.content_profile_cis-node,CIS Red Hat OpenShift Container Platform 4 Benchmark,1.4.0,"This profile defines a baseline that aligns to the Center for Internet Security®
Red Hat OpenShift Container Platform 4 Benchmark™, V1.4.

This profile includes Center for Internet Security®
Red Hat OpenShift Container Platform 4 CIS Benchmarks™ content.

Note that this part of the profile is meant to run on the Operating System that
Red Hat OpenShift Container Platform 4 runs on top of.

This profile is applicable to OpenShift versions 4.10 and greater.",4.1.9_xccdf_org.ssgproject.content_rule_file_permissions_worker_kubeconfig,Verify Permissions on the Worker Kubeconfig File,medium,pass
ip-10-0-225-175.us-east-2.compute.internal,2024-02-27T06:00:25+00:00,Red Hat Enterprise Linux CoreOS,413.92.202401170927-0,uat,xccdf_org.ssgproject.content_profile_cis-node,CIS Red Hat OpenShift Container Platform 4 Benchmark,1.4.0,"This profile defines a baseline that aligns to the Center for Internet Security®
Red Hat OpenShift Container Platform 4 Benchmark™, V1.4.

This profile includes Center for Internet Security®
Red Hat OpenShift Container Platform 4 CIS Benchmarks™ content.

Note that this part of the profile is meant to run on the Operating System that
Red Hat OpenShift Container Platform 4 runs on top of.

This profile is applicable to OpenShift versions 4.10 and greater.",4.1.10_xccdf_org.ssgproject.content_rule_file_groupowner_worker_kubeconfig,Verify Group Who Owns The Worker Kubeconfig File,medium,pass
ip-10-0-225-175.us-east-2.compute.internal,2024-02-27T06:00:25+00:00,Red Hat Enterprise Linux CoreOS,413.92.202401170927-0,uat,xccdf_org.ssgproject.content_profile_cis-node,CIS Red Hat OpenShift Container Platform 4 Benchmark,1.4.0,"This profile defines a baseline that aligns to the Center for Internet Security®
Red Hat OpenShift Container Platform 4 Benchmark™, V1.4.

This profile includes Center for Internet Security®
Red Hat OpenShift Container Platform 4 CIS Benchmarks™ content.

Note that this part of the profile is meant to run on the Operating System that
Red Hat OpenShift Container Platform 4 runs on top of.

This profile is applicable to OpenShift versions 4.10 and greater.",4.1.10_xccdf_org.ssgproject.content_rule_file_owner_worker_kubeconfig,Verify User Who Owns The Worker Kubeconfig File,medium,pass
ip-10-0-225-175.us-east-2.compute.internal,2024-02-27T06:00:25+00:00,Red Hat Enterprise Linux CoreOS,413.92.202401170927-0,uat,xccdf_org.ssgproject.content_profile_cis-node,CIS Red Hat OpenShift Container Platform 4 Benchmark,1.4.0,"This profile defines a baseline that aligns to the Center for Internet Security®
Red Hat OpenShift Container Platform 4 Benchmark™, V1.4.

This profile includes Center for Internet Security®
Red Hat OpenShift Container Platform 4 CIS Benchmarks™ content.

Note that this part of the profile is meant to run on the Operating System that
Red Hat OpenShift Container Platform 4 runs on top of.

This profile is applicable to OpenShift versions 4.10 and greater.",4.2.1_xccdf_org.ssgproject.content_rule_kubelet_eviction_thresholds_set_hard_imagefs_available,Ensure Eviction threshold Settings Are Set - evictionHard: imagefs.available,medium,pass
ip-10-0-225-175.us-east-2.compute.internal,2024-02-27T06:00:25+00:00,Red Hat Enterprise Linux CoreOS,413.92.202401170927-0,uat,xccdf_org.ssgproject.content_profile_cis-node,CIS Red Hat OpenShift Container Platform 4 Benchmark,1.4.0,"This profile defines a baseline that aligns to the Center for Internet Security®
Red Hat OpenShift Container Platform 4 Benchmark™, V1.4.

This profile includes Center for Internet Security®
Red Hat OpenShift Container Platform 4 CIS Benchmarks™ content.

Note that this part of the profile is meant to run on the Operating System that
Red Hat OpenShift Container Platform 4 runs on top of.

This profile is applicable to OpenShift versions 4.10 and greater.",4.2.1_xccdf_org.ssgproject.content_rule_kubelet_eviction_thresholds_set_hard_memory_available,Ensure Eviction threshold Settings Are Set - evictionHard: memory.available,medium,pass
ip-10-0-225-175.us-east-2.compute.internal,2024-02-27T06:00:25+00:00,Red Hat Enterprise Linux CoreOS,413.92.202401170927-0,uat,xccdf_org.ssgproject.content_profile_cis-node,CIS Red Hat OpenShift Container Platform 4 Benchmark,1.4.0,"This profile defines a baseline that aligns to the Center for Internet Security®
Red Hat OpenShift Container Platform 4 Benchmark™, V1.4.

This profile includes Center for Internet Security®
Red Hat OpenShift Container Platform 4 CIS Benchmarks™ content.

Note that this part of the profile is meant to run on the Operating System that
Red Hat OpenShift Container Platform 4 runs on top of.

This profile is applicable to OpenShift versions 4.10 and greater.",4.2.1_xccdf_org.ssgproject.content_rule_kubelet_eviction_thresholds_set_hard_nodefs_available,Ensure Eviction threshold Settings Are Set - evictionHard: nodefs.available,medium,pass
ip-10-0-225-175.us-east-2.compute.internal,2024-02-27T06:00:25+00:00,Red Hat Enterprise Linux CoreOS,413.92.202401170927-0,uat,xccdf_org.ssgproject.content_profile_cis-node,CIS Red Hat OpenShift Container Platform 4 Benchmark,1.4.0,"This profile defines a baseline that aligns to the Center for Internet Security®
Red Hat OpenShift Container Platform 4 Benchmark™, V1.4.

This profile includes Center for Internet Security®
Red Hat OpenShift Container Platform 4 CIS Benchmarks™ content.

Note that this part of the profile is meant to run on the Operating System that
Red Hat OpenShift Container Platform 4 runs on top of.

This profile is applicable to OpenShift versions 4.10 and greater.",4.2.1_xccdf_org.ssgproject.content_rule_kubelet_eviction_thresholds_set_hard_nodefs_inodesfree,Ensure Eviction threshold Settings Are Set - evictionHard: nodefs.inodesFree,medium,pass
ip-10-0-225-175.us-east-2.compute.internal,2024-02-27T06:00:25+00:00,Red Hat Enterprise Linux CoreOS,413.92.202401170927-0,uat,xccdf_org.ssgproject.content_profile_cis-node,CIS Red Hat OpenShift Container Platform 4 Benchmark,1.4.0,"This profile defines a baseline that aligns to the Center for Internet Security®
Red Hat OpenShift Container Platform 4 Benchmark™, V1.4.

This profile includes Center for Internet Security®
Red Hat OpenShift Container Platform 4 CIS Benchmarks™ content.

Note that this part of the profile is meant to run on the Operating System that
Red Hat OpenShift Container Platform 4 runs on top of.

This profile is applicable to OpenShift versions 4.10 and greater.",4.2.2_xccdf_org.ssgproject.content_rule_kubelet_anonymous_auth,Disable Anonymous Authentication to the Kubelet,medium,pass
ip-10-0-225-175.us-east-2.compute.internal,2024-02-27T06:00:25+00:00,Red Hat Enterprise Linux CoreOS,413.92.202401170927-0,uat,xccdf_org.ssgproject.content_profile_cis-node,CIS Red Hat OpenShift Container Platform 4 Benchmark,1.4.0,"This profile defines a baseline that aligns to the Center for Internet Security®
Red Hat OpenShift Container Platform 4 Benchmark™, V1.4.

This profile includes Center for Internet Security®
Red Hat OpenShift Container Platform 4 CIS Benchmarks™ content.

Note that this part of the profile is meant to run on the Operating System that
Red Hat OpenShift Container Platform 4 runs on top of.

This profile is applicable to OpenShift versions 4.10 and greater.",4.2.3_xccdf_org.ssgproject.content_rule_kubelet_authorization_mode,Ensure authorization is set to Webhook,medium,pass
ip-10-0-225-175.us-east-2.compute.internal,2024-02-27T06:00:25+00:00,Red Hat Enterprise Linux CoreOS,413.92.202401170927-0,uat,xccdf_org.ssgproject.content_profile_cis-node,CIS Red Hat OpenShift Container Platform 4 Benchmark,1.4.0,"This profile defines a baseline that aligns to the Center for Internet Security®
Red Hat OpenShift Container Platform 4 Benchmark™, V1.4.

This profile includes Center for Internet Security®
Red Hat OpenShift Container Platform 4 CIS Benchmarks™ content.

Note that this part of the profile is meant to run on the Operating System that
Red Hat OpenShift Container Platform 4 runs on top of.

This profile is applicable to OpenShift versions 4.10 and greater.",4.2.4_xccdf_org.ssgproject.content_rule_kubelet_configure_client_ca,kubelet - Configure the Client CA Certificate,medium,pass
ip-10-0-225-175.us-east-2.compute.internal,2024-02-27T06:00:25+00:00,Red Hat Enterprise Linux CoreOS,413.92.202401170927-0,uat,xccdf_org.ssgproject.content_profile_cis-node,CIS Red Hat OpenShift Container Platform 4 Benchmark,1.4.0,"This profile defines a baseline that aligns to the Center for Internet Security®
Red Hat OpenShift Container Platform 4 Benchmark™, V1.4.

This profile includes Center for Internet Security®
Red Hat OpenShift Container Platform 4 CIS Benchmarks™ content.

Note that this part of the profile is meant to run on the Operating System that
Red Hat OpenShift Container Platform 4 runs on top of.

This profile is applicable to OpenShift versions 4.10 and greater.",4.2.6_xccdf_org.ssgproject.content_rule_kubelet_enable_streaming_connections,kubelet - Do Not Disable Streaming Timeouts,medium,pass
ip-10-0-225-175.us-east-2.compute.internal,2024-02-27T06:00:25+00:00,Red Hat Enterprise Linux CoreOS,413.92.202401170927-0,uat,xccdf_org.ssgproject.content_profile_cis-node,CIS Red Hat OpenShift Container Platform 4 Benchmark,1.4.0,"This profile defines a baseline that aligns to the Center for Internet Security®
Red Hat OpenShift Container Platform 4 Benchmark™, V1.4.

This profile includes Center for Internet Security®
Red Hat OpenShift Container Platform 4 CIS Benchmarks™ content.

Note that this part of the profile is meant to run on the Operating System that
Red Hat OpenShift Container Platform 4 runs on top of.

This profile is applicable to OpenShift versions 4.10 and greater.",4.2.7_xccdf_org.ssgproject.content_rule_kubelet_enable_iptables_util_chains,kubelet - Allow Automatic Firewall Configuration,medium,pass
ip-10-0-225-175.us-east-2.compute.internal,2024-02-27T06:00:25+00:00,Red Hat Enterprise Linux CoreOS,413.92.202401170927-0,uat,xccdf_org.ssgproject.content_profile_cis-node,CIS Red Hat OpenShift Container Platform 4 Benchmark,1.4.0,"This profile defines a baseline that aligns to the Center for Internet Security®
Red Hat OpenShift Container Platform 4 Benchmark™, V1.4.

This profile includes Center for Internet Security®
Red Hat OpenShift Container Platform 4 CIS Benchmarks™ content.

Note that this part of the profile is meant to run on the Operating System that
Red Hat OpenShift Container Platform 4 runs on top of.

This profile is applicable to OpenShift versions 4.10 and greater.",4.2.8_xccdf_org.ssgproject.content_rule_kubelet_configure_event_creation,Kubelet - Ensure Event Creation Is Configured,medium,pass
ip-10-0-225-175.us-east-2.compute.internal,2024-02-27T06:00:25+00:00,Red Hat Enterprise Linux CoreOS,413.92.202401170927-0,uat,xccdf_org.ssgproject.content_profile_cis-node,CIS Red Hat OpenShift Container Platform 4 Benchmark,1.4.0,"This profile defines a baseline that aligns to the Center for Internet Security®
Red Hat OpenShift Container Platform 4 Benchmark™, V1.4.

This profile includes Center for Internet Security®
Red Hat OpenShift Container Platform 4 CIS Benchmarks™ content.

Note that this part of the profile is meant to run on the Operating System that
Red Hat OpenShift Container Platform 4 runs on top of.

This profile is applicable to OpenShift versions 4.10 and greater.",4.2.10_xccdf_org.ssgproject.content_rule_kubelet_enable_cert_rotation,kubelet - Enable Certificate Rotation,medium,pass
ip-10-0-225-175.us-east-2.compute.internal,2024-02-27T06:00:25+00:00,Red Hat Enterprise Linux CoreOS,413.92.202401170927-0,uat,xccdf_org.ssgproject.content_profile_cis-node,CIS Red Hat OpenShift Container Platform 4 Benchmark,1.4.0,"This profile defines a baseline that aligns to the Center for Internet Security®
Red Hat OpenShift Container Platform 4 Benchmark™, V1.4.

This profile includes Center for Internet Security®
Red Hat OpenShift Container Platform 4 CIS Benchmarks™ content.

Note that this part of the profile is meant to run on the Operating System that
Red Hat OpenShift Container Platform 4 runs on top of.

This profile is applicable to OpenShift versions 4.10 and greater.",4.2.10_xccdf_org.ssgproject.content_rule_kubelet_enable_client_cert_rotation,kubelet - Enable Client Certificate Rotation,medium,pass
ip-10-0-225-175.us-east-2.compute.internal,2024-02-27T06:00:25+00:00,Red Hat Enterprise Linux CoreOS,413.92.202401170927-0,uat,xccdf_org.ssgproject.content_profile_cis-node,CIS Red Hat OpenShift Container Platform 4 Benchmark,1.4.0,"This profile defines a baseline that aligns to the Center for Internet Security®
Red Hat OpenShift Container Platform 4 Benchmark™, V1.4.

This profile includes Center for Internet Security®
Red Hat OpenShift Container Platform 4 CIS Benchmarks™ content.

Note that this part of the profile is meant to run on the Operating System that
Red Hat OpenShift Container Platform 4 runs on top of.

This profile is applicable to OpenShift versions 4.10 and greater.",4.2.11_xccdf_org.ssgproject.content_rule_kubelet_enable_server_cert_rotation,kubelet - Enable Server Certificate Rotation,medium,pass
ip-10-0-225-175.us-east-2.compute.internal,2024-02-27T06:00:25+00:00,Red Hat Enterprise Linux CoreOS,413.92.202401170927-0,uat,xccdf_org.ssgproject.content_profile_cis-node,CIS Red Hat OpenShift Container Platform 4 Benchmark,1.4.0,"This profile defines a baseline that aligns to the Center for Internet Security®
Red Hat OpenShift Container Platform 4 Benchmark™, V1.4.

This profile includes Center for Internet Security®
Red Hat OpenShift Container Platform 4 CIS Benchmarks™ content.

Note that this part of the profile is meant to run on the Operating System that
Red Hat OpenShift Container Platform 4 runs on top of.

This profile is applicable to OpenShift versions 4.10 and greater.",4.2.12_xccdf_org.ssgproject.content_rule_kubelet_configure_tls_cipher_suites,Ensure that the Kubelet only makes use of Strong Cryptographic Ciphers,medium,pass
