Target Name,End Time,Platform Name,Platform Release,Environment,Profile Name,Profile Title,Profile Version,Profile Summary,Control ID,Control Title,Impact,Result Status
cluster1,2024-02-27T10:00:30+00:00,OpenShift Container Platform,4.13.1,sit,xccdf_org.ssgproject.content_profile_cis,CIS Red Hat OpenShift Container Platform 4 Benchmark,1.4.0,"This profile defines a baseline that aligns to the Center for Internet Security®
Red Hat OpenShift Container Platform 4 Benchmark™, V1.4.

This profile includes Center for Internet Security®
Red Hat OpenShift Container Platform 4 CIS Benchmarks™ content.

Note that this part of the profile is meant to run on the Platform that
Red Hat OpenShift Container Platform 4 runs on top of.

This profile is applicable to OpenShift versions 4.10 and greater.",1.2.1_xccdf_org.ssgproject.content_rule_api_server_anonymous_auth,Ensure that anonymous requests to the API Server are authorized,medium,pass
cluster1,2024-02-27T10:00:30+00:00,OpenShift Container Platform,4.13.1,sit,xccdf_org.ssgproject.content_profile_cis,CIS Red Hat OpenShift Container Platform 4 Benchmark,1.4.0,"This profile defines a baseline that aligns to the Center for Internet Security®
Red Hat OpenShift Container Platform 4 Benchmark™, V1.4.

This profile includes Center for Internet Security®
Red Hat OpenShift Container Platform 4 CIS Benchmarks™ content.

Note that this part of the profile is meant to run on the Platform that
Red Hat OpenShift Container Platform 4 runs on top of.

This profile is applicable to OpenShift versions 4.10 and greater.",1.2.2_xccdf_org.ssgproject.content_rule_api_server_basic_auth,Disable basic-auth-file for the API Server,medium,pass
cluster1,2024-02-27T10:00:30+00:00,OpenShift Container Platform,4.13.1,sit,xccdf_org.ssgproject.content_profile_cis,CIS Red Hat OpenShift Container Platform 4 Benchmark,1.4.0,"This profile defines a baseline that aligns to the Center for Internet Security®
Red Hat OpenShift Container Platform 4 Benchmark™, V1.4.

This profile includes Center for Internet Security®
Red Hat OpenShift Container Platform 4 CIS Benchmarks™ content.

Note that this part of the profile is meant to run on the Platform that
Red Hat OpenShift Container Platform 4 runs on top of.

This profile is applicable to OpenShift versions 4.10 and greater.",1.2.3_xccdf_org.ssgproject.content_rule_api_server_token_auth,Disable Token-based Authentication,high,pass
cluster1,2024-02-27T10:00:30+00:00,OpenShift Container Platform,4.13.1,sit,xccdf_org.ssgproject.content_profile_cis,CIS Red Hat OpenShift Container Platform 4 Benchmark,1.4.0,"This profile defines a baseline that aligns to the Center for Internet Security®
Red Hat OpenShift Container Platform 4 Benchmark™, V1.4.

This profile includes Center for Internet Security®
Red Hat OpenShift Container Platform 4 CIS Benchmarks™ content.

Note that this part of the profile is meant to run on the Platform that
Red Hat OpenShift Container Platform 4 runs on top of.

This profile is applicable to OpenShift versions 4.10 and greater.",1.2.4_xccdf_org.ssgproject.content_rule_api_server_https_for_kubelet_conn,Ensure that the --kubelet-https argument is set to true,medium,pass
cluster1,2024-02-27T10:00:30+00:00,OpenShift Container Platform,4.13.1,sit,xccdf_org.ssgproject.content_profile_cis,CIS Red Hat OpenShift Container Platform 4 Benchmark,1.4.0,"This profile defines a baseline that aligns to the Center for Internet Security®
Red Hat OpenShift Container Platform 4 Benchmark™, V1.4.

This profile includes Center for Internet Security®
Red Hat OpenShift Container Platform 4 CIS Benchmarks™ content.

Note that this part of the profile is meant to run on the Platform that
Red Hat OpenShift Container Platform 4 runs on top of.

This profile is applicable to OpenShift versions 4.10 and greater.",1.2.4_xccdf_org.ssgproject.content_rule_api_server_oauth_https_serving_cert,Ensure the openshift-oauth-apiserver service uses TLS,medium,pass
cluster1,2024-02-27T10:00:30+00:00,OpenShift Container Platform,4.13.1,sit,xccdf_org.ssgproject.content_profile_cis,CIS Red Hat OpenShift Container Platform 4 Benchmark,1.4.0,"This profile defines a baseline that aligns to the Center for Internet Security®
Red Hat OpenShift Container Platform 4 Benchmark™, V1.4.

This profile includes Center for Internet Security®
Red Hat OpenShift Container Platform 4 CIS Benchmarks™ content.

Note that this part of the profile is meant to run on the Platform that
Red Hat OpenShift Container Platform 4 runs on top of.

This profile is applicable to OpenShift versions 4.10 and greater.",1.2.4_xccdf_org.ssgproject.content_rule_api_server_openshift_https_serving_cert,Ensure the openshift-oauth-apiserver service uses TLS,medium,pass
cluster1,2024-02-27T10:00:30+00:00,OpenShift Container Platform,4.13.1,sit,xccdf_org.ssgproject.content_profile_cis,CIS Red Hat OpenShift Container Platform 4 Benchmark,1.4.0,"This profile defines a baseline that aligns to the Center for Internet Security®
Red Hat OpenShift Container Platform 4 Benchmark™, V1.4.

This profile includes Center for Internet Security®
Red Hat OpenShift Container Platform 4 CIS Benchmarks™ content.

Note that this part of the profile is meant to run on the Platform that
Red Hat OpenShift Container Platform 4 runs on top of.

This profile is applicable to OpenShift versions 4.10 and greater.",1.2.5_xccdf_org.ssgproject.content_rule_api_server_kubelet_client_cert,Configure the kubelet Certificate File for the API Server,high,pass
cluster1,2024-02-27T10:00:30+00:00,OpenShift Container Platform,4.13.1,sit,xccdf_org.ssgproject.content_profile_cis,CIS Red Hat OpenShift Container Platform 4 Benchmark,1.4.0,"This profile defines a baseline that aligns to the Center for Internet Security®
Red Hat OpenShift Container Platform 4 Benchmark™, V1.4.

This profile includes Center for Internet Security®
Red Hat OpenShift Container Platform 4 CIS Benchmarks™ content.

Note that this part of the profile is meant to run on the Platform that
Red Hat OpenShift Container Platform 4 runs on top of.

This profile is applicable to OpenShift versions 4.10 and greater.",1.2.5_xccdf_org.ssgproject.content_rule_api_server_kubelet_client_cert_pre_4_9,Configure the kubelet Certificate File for the API Server,high,notapplicable
cluster1,2024-02-27T10:00:30+00:00,OpenShift Container Platform,4.13.1,sit,xccdf_org.ssgproject.content_profile_cis,CIS Red Hat OpenShift Container Platform 4 Benchmark,1.4.0,"This profile defines a baseline that aligns to the Center for Internet Security®
Red Hat OpenShift Container Platform 4 Benchmark™, V1.4.

This profile includes Center for Internet Security®
Red Hat OpenShift Container Platform 4 CIS Benchmarks™ content.

Note that this part of the profile is meant to run on the Platform that
Red Hat OpenShift Container Platform 4 runs on top of.

This profile is applicable to OpenShift versions 4.10 and greater.",1.2.5_xccdf_org.ssgproject.content_rule_api_server_kubelet_client_key,Configure the kubelet Certificate Key for the API Server,high,pass
cluster1,2024-02-27T10:00:30+00:00,OpenShift Container Platform,4.13.1,sit,xccdf_org.ssgproject.content_profile_cis,CIS Red Hat OpenShift Container Platform 4 Benchmark,1.4.0,"This profile defines a baseline that aligns to the Center for Internet Security®
Red Hat OpenShift Container Platform 4 Benchmark™, V1.4.

This profile includes Center for Internet Security®
Red Hat OpenShift Container Platform 4 CIS Benchmarks™ content.

Note that this part of the profile is meant to run on the Platform that
Red Hat OpenShift Container Platform 4 runs on top of.

This profile is applicable to OpenShift versions 4.10 and greater.",1.2.5_xccdf_org.ssgproject.content_rule_api_server_kubelet_client_key_pre_4_9,Configure the kubelet Certificate Key for the API Server,high,notapplicable
cluster1,2024-02-27T10:00:30+00:00,OpenShift Container Platform,4.13.1,sit,xccdf_org.ssgproject.content_profile_cis,CIS Red Hat OpenShift Container Platform 4 Benchmark,1.4.0,"This profile defines a baseline that aligns to the Center for Internet Security®
Red Hat OpenShift Container Platform 4 Benchmark™, V1.4.

This profile includes Center for Internet Security®
Red Hat OpenShift Container Platform 4 CIS Benchmarks™ content.

Note that this part of the profile is meant to run on the Platform that
Red Hat OpenShift Container Platform 4 runs on top of.

This profile is applicable to OpenShift versions 4.10 and greater.",1.2.6_xccdf_org.ssgproject.content_rule_api_server_kubelet_certificate_authority,Configure the kubelet Certificate Authority for the API Server,high,pass
cluster1,2024-02-27T10:00:30+00:00,OpenShift Container Platform,4.13.1,sit,xccdf_org.ssgproject.content_profile_cis,CIS Red Hat OpenShift Container Platform 4 Benchmark,1.4.0,"This profile defines a baseline that aligns to the Center for Internet Security®
Red Hat OpenShift Container Platform 4 Benchmark™, V1.4.

This profile includes Center for Internet Security®
Red Hat OpenShift Container Platform 4 CIS Benchmarks™ content.

Note that this part of the profile is meant to run on the Platform that
Red Hat OpenShift Container Platform 4 runs on top of.

This profile is applicable to OpenShift versions 4.10 and greater.",1.2.7_xccdf_org.ssgproject.content_rule_api_server_auth_mode_no_aa,The authorization-mode cannot be AlwaysAllow,medium,pass
cluster1,2024-02-27T10:00:30+00:00,OpenShift Container Platform,4.13.1,sit,xccdf_org.ssgproject.content_profile_cis,CIS Red Hat OpenShift Container Platform 4 Benchmark,1.4.0,"This profile defines a baseline that aligns to the Center for Internet Security®
Red Hat OpenShift Container Platform 4 Benchmark™, V1.4.

This profile includes Center for Internet Security®
Red Hat OpenShift Container Platform 4 CIS Benchmarks™ content.

Note that this part of the profile is meant to run on the Platform that
Red Hat OpenShift Container Platform 4 runs on top of.

This profile is applicable to OpenShift versions 4.10 and greater.",1.2.8_xccdf_org.ssgproject.content_rule_api_server_auth_mode_rbac,Ensure authorization-mode RBAC is configured,medium,pass
cluster1,2024-02-27T10:00:30+00:00,OpenShift Container Platform,4.13.1,sit,xccdf_org.ssgproject.content_profile_cis,CIS Red Hat OpenShift Container Platform 4 Benchmark,1.4.0,"This profile defines a baseline that aligns to the Center for Internet Security®
Red Hat OpenShift Container Platform 4 Benchmark™, V1.4.

This profile includes Center for Internet Security®
Red Hat OpenShift Container Platform 4 CIS Benchmarks™ content.

Note that this part of the profile is meant to run on the Platform that
Red Hat OpenShift Container Platform 4 runs on top of.

This profile is applicable to OpenShift versions 4.10 and greater.",1.2.9_xccdf_org.ssgproject.content_rule_api_server_api_priority_gate_enabled,Enable the APIPriorityAndFairness feature gate,medium,pass
cluster1,2024-02-27T10:00:30+00:00,OpenShift Container Platform,4.13.1,sit,xccdf_org.ssgproject.content_profile_cis,CIS Red Hat OpenShift Container Platform 4 Benchmark,1.4.0,"This profile defines a baseline that aligns to the Center for Internet Security®
Red Hat OpenShift Container Platform 4 Benchmark™, V1.4.

This profile includes Center for Internet Security®
Red Hat OpenShift Container Platform 4 CIS Benchmarks™ content.

Note that this part of the profile is meant to run on the Platform that
Red Hat OpenShift Container Platform 4 runs on top of.

This profile is applicable to OpenShift versions 4.10 and greater.",1.2.10_xccdf_org.ssgproject.content_rule_api_server_admission_control_plugin_alwaysadmit,Disable the AlwaysAdmit Admission Control Plugin,medium,pass
cluster1,2024-02-27T10:00:30+00:00,OpenShift Container Platform,4.13.1,sit,xccdf_org.ssgproject.content_profile_cis,CIS Red Hat OpenShift Container Platform 4 Benchmark,1.4.0,"This profile defines a baseline that aligns to the Center for Internet Security®
Red Hat OpenShift Container Platform 4 Benchmark™, V1.4.

This profile includes Center for Internet Security®
Red Hat OpenShift Container Platform 4 CIS Benchmarks™ content.

Note that this part of the profile is meant to run on the Platform that
Red Hat OpenShift Container Platform 4 runs on top of.

This profile is applicable to OpenShift versions 4.10 and greater.",1.2.11_xccdf_org.ssgproject.content_rule_api_server_admission_control_plugin_alwayspullimages,Ensure that the Admission Control Plugin AlwaysPullImages is not set,high,pass
cluster1,2024-02-27T10:00:30+00:00,OpenShift Container Platform,4.13.1,sit,xccdf_org.ssgproject.content_profile_cis,CIS Red Hat OpenShift Container Platform 4 Benchmark,1.4.0,"This profile defines a baseline that aligns to the Center for Internet Security®
Red Hat OpenShift Container Platform 4 Benchmark™, V1.4.

This profile includes Center for Internet Security®
Red Hat OpenShift Container Platform 4 CIS Benchmarks™ content.

Note that this part of the profile is meant to run on the Platform that
Red Hat OpenShift Container Platform 4 runs on top of.

This profile is applicable to OpenShift versions 4.10 and greater.",1.2.12_xccdf_org.ssgproject.content_rule_api_server_admission_control_plugin_service_account,Enable the ServiceAccount Admission Control Plugin,medium,pass
cluster1,2024-02-27T10:00:30+00:00,OpenShift Container Platform,4.13.1,sit,xccdf_org.ssgproject.content_profile_cis,CIS Red Hat OpenShift Container Platform 4 Benchmark,1.4.0,"This profile defines a baseline that aligns to the Center for Internet Security®
Red Hat OpenShift Container Platform 4 Benchmark™, V1.4.

This profile includes Center for Internet Security®
Red Hat OpenShift Container Platform 4 CIS Benchmarks™ content.

Note that this part of the profile is meant to run on the Platform that
Red Hat OpenShift Container Platform 4 runs on top of.

This profile is applicable to OpenShift versions 4.10 and greater.",1.2.13_xccdf_org.ssgproject.content_rule_api_server_admission_control_plugin_namespacelifecycle,Enable the NamespaceLifecycle Admission Control Plugin,medium,pass
cluster1,2024-02-27T10:00:30+00:00,OpenShift Container Platform,4.13.1,sit,xccdf_org.ssgproject.content_profile_cis,CIS Red Hat OpenShift Container Platform 4 Benchmark,1.4.0,"This profile defines a baseline that aligns to the Center for Internet Security®
Red Hat OpenShift Container Platform 4 Benchmark™, V1.4.

This profile includes Center for Internet Security®
Red Hat OpenShift Container Platform 4 CIS Benchmarks™ content.

Note that this part of the profile is meant to run on the Platform that
Red Hat OpenShift Container Platform 4 runs on top of.

This profile is applicable to OpenShift versions 4.10 and greater.",1.2.14_xccdf_org.ssgproject.content_rule_api_server_admission_control_plugin_scc,Enable the SecurityContextConstraint Admission Control Plugin,medium,pass
cluster1,2024-02-27T10:00:30+00:00,OpenShift Container Platform,4.13.1,sit,xccdf_org.ssgproject.content_profile_cis,CIS Red Hat OpenShift Container Platform 4 Benchmark,1.4.0,"This profile defines a baseline that aligns to the Center for Internet Security®
Red Hat OpenShift Container Platform 4 Benchmark™, V1.4.

This profile includes Center for Internet Security®
Red Hat OpenShift Container Platform 4 CIS Benchmarks™ content.

Note that this part of the profile is meant to run on the Platform that
Red Hat OpenShift Container Platform 4 runs on top of.

This profile is applicable to OpenShift versions 4.10 and greater.",1.2.15_xccdf_org.ssgproject.content_rule_api_server_admission_control_plugin_noderestriction,Enable the NodeRestriction Admission Control Plugin,medium,pass
cluster1,2024-02-27T10:00:30+00:00,OpenShift Container Platform,4.13.1,sit,xccdf_org.ssgproject.content_profile_cis,CIS Red Hat OpenShift Container Platform 4 Benchmark,1.4.0,"This profile defines a baseline that aligns to the Center for Internet Security®
Red Hat OpenShift Container Platform 4 Benchmark™, V1.4.

This profile includes Center for Internet Security®
Red Hat OpenShift Container Platform 4 CIS Benchmarks™ content.

Note that this part of the profile is meant to run on the Platform that
Red Hat OpenShift Container Platform 4 runs on top of.

This profile is applicable to OpenShift versions 4.10 and greater.",1.2.16_xccdf_org.ssgproject.content_rule_api_server_insecure_bind_address,Disable Use of the Insecure Bind Address,medium,pass
cluster1,2024-02-27T10:00:30+00:00,OpenShift Container Platform,4.13.1,sit,xccdf_org.ssgproject.content_profile_cis,CIS Red Hat OpenShift Container Platform 4 Benchmark,1.4.0,"This profile defines a baseline that aligns to the Center for Internet Security®
Red Hat OpenShift Container Platform 4 Benchmark™, V1.4.

This profile includes Center for Internet Security®
Red Hat OpenShift Container Platform 4 CIS Benchmarks™ content.

Note that this part of the profile is meant to run on the Platform that
Red Hat OpenShift Container Platform 4 runs on top of.

This profile is applicable to OpenShift versions 4.10 and greater.",1.2.17_xccdf_org.ssgproject.content_rule_api_server_insecure_port,Prevent Insecure Port Access,medium,notapplicable
cluster1,2024-02-27T10:00:30+00:00,OpenShift Container Platform,4.13.1,sit,xccdf_org.ssgproject.content_profile_cis,CIS Red Hat OpenShift Container Platform 4 Benchmark,1.4.0,"This profile defines a baseline that aligns to the Center for Internet Security®
Red Hat OpenShift Container Platform 4 Benchmark™, V1.4.

This profile includes Center for Internet Security®
Red Hat OpenShift Container Platform 4 CIS Benchmarks™ content.

Note that this part of the profile is meant to run on the Platform that
Red Hat OpenShift Container Platform 4 runs on top of.

This profile is applicable to OpenShift versions 4.10 and greater.",1.2.18_xccdf_org.ssgproject.content_rule_api_server_bind_address,Ensure that the bindAddress is set to a relevant secure port,low,pass
cluster1,2024-02-27T10:00:30+00:00,OpenShift Container Platform,4.13.1,sit,xccdf_org.ssgproject.content_profile_cis,CIS Red Hat OpenShift Container Platform 4 Benchmark,1.4.0,"This profile defines a baseline that aligns to the Center for Internet Security®
Red Hat OpenShift Container Platform 4 Benchmark™, V1.4.

This profile includes Center for Internet Security®
Red Hat OpenShift Container Platform 4 CIS Benchmarks™ content.

Note that this part of the profile is meant to run on the Platform that
Red Hat OpenShift Container Platform 4 runs on top of.

This profile is applicable to OpenShift versions 4.10 and greater.",1.2.19_xccdf_org.ssgproject.content_rule_api_server_profiling_protected_by_rbac,Profiling is protected by RBAC,medium,pass
cluster1,2024-02-27T10:00:30+00:00,OpenShift Container Platform,4.13.1,sit,xccdf_org.ssgproject.content_profile_cis,CIS Red Hat OpenShift Container Platform 4 Benchmark,1.4.0,"This profile defines a baseline that aligns to the Center for Internet Security®
Red Hat OpenShift Container Platform 4 Benchmark™, V1.4.

This profile includes Center for Internet Security®
Red Hat OpenShift Container Platform 4 CIS Benchmarks™ content.

Note that this part of the profile is meant to run on the Platform that
Red Hat OpenShift Container Platform 4 runs on top of.

This profile is applicable to OpenShift versions 4.10 and greater.",1.2.20_xccdf_org.ssgproject.content_rule_api_server_audit_log_path,Configure the Audit Log Path,high,pass
cluster1,2024-02-27T10:00:30+00:00,OpenShift Container Platform,4.13.1,sit,xccdf_org.ssgproject.content_profile_cis,CIS Red Hat OpenShift Container Platform 4 Benchmark,1.4.0,"This profile defines a baseline that aligns to the Center for Internet Security®
Red Hat OpenShift Container Platform 4 Benchmark™, V1.4.

This profile includes Center for Internet Security®
Red Hat OpenShift Container Platform 4 CIS Benchmarks™ content.

Note that this part of the profile is meant to run on the Platform that
Red Hat OpenShift Container Platform 4 runs on top of.

This profile is applicable to OpenShift versions 4.10 and greater.",1.2.20_xccdf_org.ssgproject.content_rule_openshift_api_server_audit_log_path,Configure the Audit Log Path,high,pass
cluster1,2024-02-27T10:00:30+00:00,OpenShift Container Platform,4.13.1,sit,xccdf_org.ssgproject.content_profile_cis,CIS Red Hat OpenShift Container Platform 4 Benchmark,1.4.0,"This profile defines a baseline that aligns to the Center for Internet Security®
Red Hat OpenShift Container Platform 4 Benchmark™, V1.4.

This profile includes Center for Internet Security®
Red Hat OpenShift Container Platform 4 CIS Benchmarks™ content.

Note that this part of the profile is meant to run on the Platform that
Red Hat OpenShift Container Platform 4 runs on top of.

This profile is applicable to OpenShift versions 4.10 and greater.",1.2.21_xccdf_org.ssgproject.content_rule_audit_log_forwarding_enabled,Ensure that Audit Log Forwarding Is Enabled,medium,fail
cluster1,2024-02-27T10:00:30+00:00,OpenShift Container Platform,4.13.1,sit,xccdf_org.ssgproject.content_profile_cis,CIS Red Hat OpenShift Container Platform 4 Benchmark,1.4.0,"This profile defines a baseline that aligns to the Center for Internet Security®
Red Hat OpenShift Container Platform 4 Benchmark™, V1.4.

This profile includes Center for Internet Security®
Red Hat OpenShift Container Platform 4 CIS Benchmarks™ content.

Note that this part of the profile is meant to run on the Platform that
Red Hat OpenShift Container Platform 4 runs on top of.

This profile is applicable to OpenShift versions 4.10 and greater.",1.2.21_xccdf_org.ssgproject.content_rule_audit_log_forwarding_webhook,Ensure that Audit Log Webhook Is Configured,medium,notapplicable
cluster1,2024-02-27T10:00:30+00:00,OpenShift Container Platform,4.13.1,sit,xccdf_org.ssgproject.content_profile_cis,CIS Red Hat OpenShift Container Platform 4 Benchmark,1.4.0,"This profile defines a baseline that aligns to the Center for Internet Security®
Red Hat OpenShift Container Platform 4 Benchmark™, V1.4.

This profile includes Center for Internet Security®
Red Hat OpenShift Container Platform 4 CIS Benchmarks™ content.

Note that this part of the profile is meant to run on the Platform that
Red Hat OpenShift Container Platform 4 runs on top of.

This profile is applicable to OpenShift versions 4.10 and greater.",1.2.22_xccdf_org.ssgproject.content_rule_api_server_audit_log_maxbackup,Configure the Kubernetes API Server Maximum Retained Audit Logs,low,pass
cluster1,2024-02-27T10:00:30+00:00,OpenShift Container Platform,4.13.1,sit,xccdf_org.ssgproject.content_profile_cis,CIS Red Hat OpenShift Container Platform 4 Benchmark,1.4.0,"This profile defines a baseline that aligns to the Center for Internet Security®
Red Hat OpenShift Container Platform 4 Benchmark™, V1.4.

This profile includes Center for Internet Security®
Red Hat OpenShift Container Platform 4 CIS Benchmarks™ content.

Note that this part of the profile is meant to run on the Platform that
Red Hat OpenShift Container Platform 4 runs on top of.

This profile is applicable to OpenShift versions 4.10 and greater.",1.2.22_xccdf_org.ssgproject.content_rule_ocp_api_server_audit_log_maxbackup,Configure the OpenShift API Server Maximum Retained Audit Logs,low,pass
cluster1,2024-02-27T10:00:30+00:00,OpenShift Container Platform,4.13.1,sit,xccdf_org.ssgproject.content_profile_cis,CIS Red Hat OpenShift Container Platform 4 Benchmark,1.4.0,"This profile defines a baseline that aligns to the Center for Internet Security®
Red Hat OpenShift Container Platform 4 Benchmark™, V1.4.

This profile includes Center for Internet Security®
Red Hat OpenShift Container Platform 4 CIS Benchmarks™ content.

Note that this part of the profile is meant to run on the Platform that
Red Hat OpenShift Container Platform 4 runs on top of.

This profile is applicable to OpenShift versions 4.10 and greater.",1.2.23_xccdf_org.ssgproject.content_rule_api_server_audit_log_maxsize,Configure Kubernetes API Server Maximum Audit Log Size,medium,pass
cluster1,2024-02-27T10:00:30+00:00,OpenShift Container Platform,4.13.1,sit,xccdf_org.ssgproject.content_profile_cis,CIS Red Hat OpenShift Container Platform 4 Benchmark,1.4.0,"This profile defines a baseline that aligns to the Center for Internet Security®
Red Hat OpenShift Container Platform 4 Benchmark™, V1.4.

This profile includes Center for Internet Security®
Red Hat OpenShift Container Platform 4 CIS Benchmarks™ content.

Note that this part of the profile is meant to run on the Platform that
Red Hat OpenShift Container Platform 4 runs on top of.

This profile is applicable to OpenShift versions 4.10 and greater.",1.2.23_xccdf_org.ssgproject.content_rule_ocp_api_server_audit_log_maxsize,Configure OpenShift API Server Maximum Audit Log Size,medium,pass
cluster1,2024-02-27T10:00:30+00:00,OpenShift Container Platform,4.13.1,sit,xccdf_org.ssgproject.content_profile_cis,CIS Red Hat OpenShift Container Platform 4 Benchmark,1.4.0,"This profile defines a baseline that aligns to the Center for Internet Security®
Red Hat OpenShift Container Platform 4 Benchmark™, V1.4.

This profile includes Center for Internet Security®
Red Hat OpenShift Container Platform 4 CIS Benchmarks™ content.

Note that this part of the profile is meant to run on the Platform that
Red Hat OpenShift Container Platform 4 runs on top of.

This profile is applicable to OpenShift versions 4.10 and greater.",1.2.24_xccdf_org.ssgproject.content_rule_api_server_request_timeout,Configure the API Server Minimum Request Timeout,medium,pass
cluster1,2024-02-27T10:00:30+00:00,OpenShift Container Platform,4.13.1,sit,xccdf_org.ssgproject.content_profile_cis,CIS Red Hat OpenShift Container Platform 4 Benchmark,1.4.0,"This profile defines a baseline that aligns to the Center for Internet Security®
Red Hat OpenShift Container Platform 4 Benchmark™, V1.4.

This profile includes Center for Internet Security®
Red Hat OpenShift Container Platform 4 CIS Benchmarks™ content.

Note that this part of the profile is meant to run on the Platform that
Red Hat OpenShift Container Platform 4 runs on top of.

This profile is applicable to OpenShift versions 4.10 and greater.",1.2.25_xccdf_org.ssgproject.content_rule_api_server_service_account_lookup,Ensure that the service-account-lookup argument is set to true,medium,pass
cluster1,2024-02-27T10:00:30+00:00,OpenShift Container Platform,4.13.1,sit,xccdf_org.ssgproject.content_profile_cis,CIS Red Hat OpenShift Container Platform 4 Benchmark,1.4.0,"This profile defines a baseline that aligns to the Center for Internet Security®
Red Hat OpenShift Container Platform 4 Benchmark™, V1.4.

This profile includes Center for Internet Security®
Red Hat OpenShift Container Platform 4 CIS Benchmarks™ content.

Note that this part of the profile is meant to run on the Platform that
Red Hat OpenShift Container Platform 4 runs on top of.

This profile is applicable to OpenShift versions 4.10 and greater.",1.2.26_xccdf_org.ssgproject.content_rule_api_server_service_account_public_key,Configure the Service Account Public Key for the API Server,medium,pass
cluster1,2024-02-27T10:00:30+00:00,OpenShift Container Platform,4.13.1,sit,xccdf_org.ssgproject.content_profile_cis,CIS Red Hat OpenShift Container Platform 4 Benchmark,1.4.0,"This profile defines a baseline that aligns to the Center for Internet Security®
Red Hat OpenShift Container Platform 4 Benchmark™, V1.4.

This profile includes Center for Internet Security®
Red Hat OpenShift Container Platform 4 CIS Benchmarks™ content.

Note that this part of the profile is meant to run on the Platform that
Red Hat OpenShift Container Platform 4 runs on top of.

This profile is applicable to OpenShift versions 4.10 and greater.",1.2.27_xccdf_org.ssgproject.content_rule_api_server_etcd_cert,Configure the etcd Certificate for the API Server,medium,pass
cluster1,2024-02-27T10:00:30+00:00,OpenShift Container Platform,4.13.1,sit,xccdf_org.ssgproject.content_profile_cis,CIS Red Hat OpenShift Container Platform 4 Benchmark,1.4.0,"This profile defines a baseline that aligns to the Center for Internet Security®
Red Hat OpenShift Container Platform 4 Benchmark™, V1.4.

This profile includes Center for Internet Security®
Red Hat OpenShift Container Platform 4 CIS Benchmarks™ content.

Note that this part of the profile is meant to run on the Platform that
Red Hat OpenShift Container Platform 4 runs on top of.

This profile is applicable to OpenShift versions 4.10 and greater.",1.2.27_xccdf_org.ssgproject.content_rule_api_server_etcd_key,Configure the etcd Certificate Key for the API Server,medium,pass
cluster1,2024-02-27T10:00:30+00:00,OpenShift Container Platform,4.13.1,sit,xccdf_org.ssgproject.content_profile_cis,CIS Red Hat OpenShift Container Platform 4 Benchmark,1.4.0,"This profile defines a baseline that aligns to the Center for Internet Security®
Red Hat OpenShift Container Platform 4 Benchmark™, V1.4.

This profile includes Center for Internet Security®
Red Hat OpenShift Container Platform 4 CIS Benchmarks™ content.

Note that this part of the profile is meant to run on the Platform that
Red Hat OpenShift Container Platform 4 runs on top of.

This profile is applicable to OpenShift versions 4.10 and greater.",1.2.28_xccdf_org.ssgproject.content_rule_api_server_tls_cert,Configure the Certificate for the API Server,medium,pass
cluster1,2024-02-27T10:00:30+00:00,OpenShift Container Platform,4.13.1,sit,xccdf_org.ssgproject.content_profile_cis,CIS Red Hat OpenShift Container Platform 4 Benchmark,1.4.0,"This profile defines a baseline that aligns to the Center for Internet Security®
Red Hat OpenShift Container Platform 4 Benchmark™, V1.4.

This profile includes Center for Internet Security®
Red Hat OpenShift Container Platform 4 CIS Benchmarks™ content.

Note that this part of the profile is meant to run on the Platform that
Red Hat OpenShift Container Platform 4 runs on top of.

This profile is applicable to OpenShift versions 4.10 and greater.",1.2.28_xccdf_org.ssgproject.content_rule_api_server_tls_private_key,Configure the Certificate Key for the API Server,medium,pass
cluster1,2024-02-27T10:00:30+00:00,OpenShift Container Platform,4.13.1,sit,xccdf_org.ssgproject.content_profile_cis,CIS Red Hat OpenShift Container Platform 4 Benchmark,1.4.0,"This profile defines a baseline that aligns to the Center for Internet Security®
Red Hat OpenShift Container Platform 4 Benchmark™, V1.4.

This profile includes Center for Internet Security®
Red Hat OpenShift Container Platform 4 CIS Benchmarks™ content.

Note that this part of the profile is meant to run on the Platform that
Red Hat OpenShift Container Platform 4 runs on top of.

This profile is applicable to OpenShift versions 4.10 and greater.",1.2.29_xccdf_org.ssgproject.content_rule_api_server_client_ca,Configure the Client Certificate Authority for the API Server,medium,pass
cluster1,2024-02-27T10:00:30+00:00,OpenShift Container Platform,4.13.1,sit,xccdf_org.ssgproject.content_profile_cis,CIS Red Hat OpenShift Container Platform 4 Benchmark,1.4.0,"This profile defines a baseline that aligns to the Center for Internet Security®
Red Hat OpenShift Container Platform 4 Benchmark™, V1.4.

This profile includes Center for Internet Security®
Red Hat OpenShift Container Platform 4 CIS Benchmarks™ content.

Note that this part of the profile is meant to run on the Platform that
Red Hat OpenShift Container Platform 4 runs on top of.

This profile is applicable to OpenShift versions 4.10 and greater.",1.2.30_xccdf_org.ssgproject.content_rule_api_server_etcd_ca,Configure the etcd Certificate Authority for the API Server,medium,pass
cluster1,2024-02-27T10:00:30+00:00,OpenShift Container Platform,4.13.1,sit,xccdf_org.ssgproject.content_profile_cis,CIS Red Hat OpenShift Container Platform 4 Benchmark,1.4.0,"This profile defines a baseline that aligns to the Center for Internet Security®
Red Hat OpenShift Container Platform 4 Benchmark™, V1.4.

This profile includes Center for Internet Security®
Red Hat OpenShift Container Platform 4 CIS Benchmarks™ content.

Note that this part of the profile is meant to run on the Platform that
Red Hat OpenShift Container Platform 4 runs on top of.

This profile is applicable to OpenShift versions 4.10 and greater.",1.2.31_xccdf_org.ssgproject.content_rule_api_server_encryption_provider_cipher,Configure the Encryption Provider Cipher,medium,fail
cluster1,2024-02-27T10:00:30+00:00,OpenShift Container Platform,4.13.1,sit,xccdf_org.ssgproject.content_profile_cis,CIS Red Hat OpenShift Container Platform 4 Benchmark,1.4.0,"This profile defines a baseline that aligns to the Center for Internet Security®
Red Hat OpenShift Container Platform 4 Benchmark™, V1.4.

This profile includes Center for Internet Security®
Red Hat OpenShift Container Platform 4 CIS Benchmarks™ content.

Note that this part of the profile is meant to run on the Platform that
Red Hat OpenShift Container Platform 4 runs on top of.

This profile is applicable to OpenShift versions 4.10 and greater.",1.2.32_xccdf_org.ssgproject.content_rule_api_server_tls_cipher_suites,Use Strong Cryptographic Ciphers on the API Server,medium,pass
cluster1,2024-02-27T10:00:30+00:00,OpenShift Container Platform,4.13.1,sit,xccdf_org.ssgproject.content_profile_cis,CIS Red Hat OpenShift Container Platform 4 Benchmark,1.4.0,"This profile defines a baseline that aligns to the Center for Internet Security®
Red Hat OpenShift Container Platform 4 Benchmark™, V1.4.

This profile includes Center for Internet Security®
Red Hat OpenShift Container Platform 4 CIS Benchmarks™ content.

Note that this part of the profile is meant to run on the Platform that
Red Hat OpenShift Container Platform 4 runs on top of.

This profile is applicable to OpenShift versions 4.10 and greater.",1.3.1_xccdf_org.ssgproject.content_rule_rbac_debug_role_protects_pprof,Profiling is protected by RBAC,medium,pass
cluster1,2024-02-27T10:00:30+00:00,OpenShift Container Platform,4.13.1,sit,xccdf_org.ssgproject.content_profile_cis,CIS Red Hat OpenShift Container Platform 4 Benchmark,1.4.0,"This profile defines a baseline that aligns to the Center for Internet Security®
Red Hat OpenShift Container Platform 4 Benchmark™, V1.4.

This profile includes Center for Internet Security®
Red Hat OpenShift Container Platform 4 CIS Benchmarks™ content.

Note that this part of the profile is meant to run on the Platform that
Red Hat OpenShift Container Platform 4 runs on top of.

This profile is applicable to OpenShift versions 4.10 and greater.",1.3.2_xccdf_org.ssgproject.content_rule_controller_use_service_account,Ensure that use-service-account-credentials is enabled,medium,pass
cluster1,2024-02-27T10:00:30+00:00,OpenShift Container Platform,4.13.1,sit,xccdf_org.ssgproject.content_profile_cis,CIS Red Hat OpenShift Container Platform 4 Benchmark,1.4.0,"This profile defines a baseline that aligns to the Center for Internet Security®
Red Hat OpenShift Container Platform 4 Benchmark™, V1.4.

This profile includes Center for Internet Security®
Red Hat OpenShift Container Platform 4 CIS Benchmarks™ content.

Note that this part of the profile is meant to run on the Platform that
Red Hat OpenShift Container Platform 4 runs on top of.

This profile is applicable to OpenShift versions 4.10 and greater.",1.3.3_xccdf_org.ssgproject.content_rule_controller_service_account_private_key,Configure the Service Account Private Key for the Controller Manager,medium,pass
cluster1,2024-02-27T10:00:30+00:00,OpenShift Container Platform,4.13.1,sit,xccdf_org.ssgproject.content_profile_cis,CIS Red Hat OpenShift Container Platform 4 Benchmark,1.4.0,"This profile defines a baseline that aligns to the Center for Internet Security®
Red Hat OpenShift Container Platform 4 Benchmark™, V1.4.

This profile includes Center for Internet Security®
Red Hat OpenShift Container Platform 4 CIS Benchmarks™ content.

Note that this part of the profile is meant to run on the Platform that
Red Hat OpenShift Container Platform 4 runs on top of.

This profile is applicable to OpenShift versions 4.10 and greater.",1.3.4_xccdf_org.ssgproject.content_rule_controller_service_account_ca,Configure the Service Account Certificate Authority Key for the Controller Manager,medium,pass
cluster1,2024-02-27T10:00:30+00:00,OpenShift Container Platform,4.13.1,sit,xccdf_org.ssgproject.content_profile_cis,CIS Red Hat OpenShift Container Platform 4 Benchmark,1.4.0,"This profile defines a baseline that aligns to the Center for Internet Security®
Red Hat OpenShift Container Platform 4 Benchmark™, V1.4.

This profile includes Center for Internet Security®
Red Hat OpenShift Container Platform 4 CIS Benchmarks™ content.

Note that this part of the profile is meant to run on the Platform that
Red Hat OpenShift Container Platform 4 runs on top of.

This profile is applicable to OpenShift versions 4.10 and greater.",1.3.5_xccdf_org.ssgproject.content_rule_controller_insecure_port_disabled,Ensure Controller insecure port argument is unset,low,pass
cluster1,2024-02-27T10:00:30+00:00,OpenShift Container Platform,4.13.1,sit,xccdf_org.ssgproject.content_profile_cis,CIS Red Hat OpenShift Container Platform 4 Benchmark,1.4.0,"This profile defines a baseline that aligns to the Center for Internet Security®
Red Hat OpenShift Container Platform 4 Benchmark™, V1.4.

This profile includes Center for Internet Security®
Red Hat OpenShift Container Platform 4 CIS Benchmarks™ content.

Note that this part of the profile is meant to run on the Platform that
Red Hat OpenShift Container Platform 4 runs on top of.

This profile is applicable to OpenShift versions 4.10 and greater.",1.3.5_xccdf_org.ssgproject.content_rule_controller_secure_port,Ensure Controller secure-port argument is set,low,pass
cluster1,2024-02-27T10:00:30+00:00,OpenShift Container Platform,4.13.1,sit,xccdf_org.ssgproject.content_profile_cis,CIS Red Hat OpenShift Container Platform 4 Benchmark,1.4.0,"This profile defines a baseline that aligns to the Center for Internet Security®
Red Hat OpenShift Container Platform 4 Benchmark™, V1.4.

This profile includes Center for Internet Security®
Red Hat OpenShift Container Platform 4 CIS Benchmarks™ content.

Note that this part of the profile is meant to run on the Platform that
Red Hat OpenShift Container Platform 4 runs on top of.

This profile is applicable to OpenShift versions 4.10 and greater.",1.4.1_xccdf_org.ssgproject.content_rule_scheduler_profiling_protected_by_rbac,Verify that the scheduler API service is protected by RBAC,medium,pass
cluster1,2024-02-27T10:00:30+00:00,OpenShift Container Platform,4.13.1,sit,xccdf_org.ssgproject.content_profile_cis,CIS Red Hat OpenShift Container Platform 4 Benchmark,1.4.0,"This profile defines a baseline that aligns to the Center for Internet Security®
Red Hat OpenShift Container Platform 4 Benchmark™, V1.4.

This profile includes Center for Internet Security®
Red Hat OpenShift Container Platform 4 CIS Benchmarks™ content.

Note that this part of the profile is meant to run on the Platform that
Red Hat OpenShift Container Platform 4 runs on top of.

This profile is applicable to OpenShift versions 4.10 and greater.",1.4.2_xccdf_org.ssgproject.content_rule_scheduler_service_protected_by_rbac,Verify that the scheduler API service is protected by RBAC,medium,pass
cluster1,2024-02-27T10:00:30+00:00,OpenShift Container Platform,4.13.1,sit,xccdf_org.ssgproject.content_profile_cis,CIS Red Hat OpenShift Container Platform 4 Benchmark,1.4.0,"This profile defines a baseline that aligns to the Center for Internet Security®
Red Hat OpenShift Container Platform 4 Benchmark™, V1.4.

This profile includes Center for Internet Security®
Red Hat OpenShift Container Platform 4 CIS Benchmarks™ content.

Note that this part of the profile is meant to run on the Platform that
Red Hat OpenShift Container Platform 4 runs on top of.

This profile is applicable to OpenShift versions 4.10 and greater.",2.1_xccdf_org.ssgproject.content_rule_etcd_cert_file,Ensure That The etcd Client Certificate Is Correctly Set,medium,pass
cluster1,2024-02-27T10:00:30+00:00,OpenShift Container Platform,4.13.1,sit,xccdf_org.ssgproject.content_profile_cis,CIS Red Hat OpenShift Container Platform 4 Benchmark,1.4.0,"This profile defines a baseline that aligns to the Center for Internet Security®
Red Hat OpenShift Container Platform 4 Benchmark™, V1.4.

This profile includes Center for Internet Security®
Red Hat OpenShift Container Platform 4 CIS Benchmarks™ content.

Note that this part of the profile is meant to run on the Platform that
Red Hat OpenShift Container Platform 4 runs on top of.

This profile is applicable to OpenShift versions 4.10 and greater.",2.1_xccdf_org.ssgproject.content_rule_etcd_key_file,Ensure That The etcd Key File Is Correctly Set,medium,pass
cluster1,2024-02-27T10:00:30+00:00,OpenShift Container Platform,4.13.1,sit,xccdf_org.ssgproject.content_profile_cis,CIS Red Hat OpenShift Container Platform 4 Benchmark,1.4.0,"This profile defines a baseline that aligns to the Center for Internet Security®
Red Hat OpenShift Container Platform 4 Benchmark™, V1.4.

This profile includes Center for Internet Security®
Red Hat OpenShift Container Platform 4 CIS Benchmarks™ content.

Note that this part of the profile is meant to run on the Platform that
Red Hat OpenShift Container Platform 4 runs on top of.

This profile is applicable to OpenShift versions 4.10 and greater.",2.2_xccdf_org.ssgproject.content_rule_etcd_client_cert_auth,Enable The Client Certificate Authentication,medium,pass
cluster1,2024-02-27T10:00:30+00:00,OpenShift Container Platform,4.13.1,sit,xccdf_org.ssgproject.content_profile_cis,CIS Red Hat OpenShift Container Platform 4 Benchmark,1.4.0,"This profile defines a baseline that aligns to the Center for Internet Security®
Red Hat OpenShift Container Platform 4 Benchmark™, V1.4.

This profile includes Center for Internet Security®
Red Hat OpenShift Container Platform 4 CIS Benchmarks™ content.

Note that this part of the profile is meant to run on the Platform that
Red Hat OpenShift Container Platform 4 runs on top of.

This profile is applicable to OpenShift versions 4.10 and greater.",2.3_xccdf_org.ssgproject.content_rule_etcd_auto_tls,Disable etcd Self-Signed Certificates,medium,pass
cluster1,2024-02-27T10:00:30+00:00,OpenShift Container Platform,4.13.1,sit,xccdf_org.ssgproject.content_profile_cis,CIS Red Hat OpenShift Container Platform 4 Benchmark,1.4.0,"This profile defines a baseline that aligns to the Center for Internet Security®
Red Hat OpenShift Container Platform 4 Benchmark™, V1.4.

This profile includes Center for Internet Security®
Red Hat OpenShift Container Platform 4 CIS Benchmarks™ content.

Note that this part of the profile is meant to run on the Platform that
Red Hat OpenShift Container Platform 4 runs on top of.

This profile is applicable to OpenShift versions 4.10 and greater.",2.4_xccdf_org.ssgproject.content_rule_etcd_peer_cert_file,Ensure That The etcd Peer Client Certificate Is Correctly Set,medium,pass
cluster1,2024-02-27T10:00:30+00:00,OpenShift Container Platform,4.13.1,sit,xccdf_org.ssgproject.content_profile_cis,CIS Red Hat OpenShift Container Platform 4 Benchmark,1.4.0,"This profile defines a baseline that aligns to the Center for Internet Security®
Red Hat OpenShift Container Platform 4 Benchmark™, V1.4.

This profile includes Center for Internet Security®
Red Hat OpenShift Container Platform 4 CIS Benchmarks™ content.

Note that this part of the profile is meant to run on the Platform that
Red Hat OpenShift Container Platform 4 runs on top of.

This profile is applicable to OpenShift versions 4.10 and greater.",2.4_xccdf_org.ssgproject.content_rule_etcd_peer_key_file,Ensure That The etcd Peer Key File Is Correctly Set,medium,pass
cluster1,2024-02-27T10:00:30+00:00,OpenShift Container Platform,4.13.1,sit,xccdf_org.ssgproject.content_profile_cis,CIS Red Hat OpenShift Container Platform 4 Benchmark,1.4.0,"This profile defines a baseline that aligns to the Center for Internet Security®
Red Hat OpenShift Container Platform 4 Benchmark™, V1.4.

This profile includes Center for Internet Security®
Red Hat OpenShift Container Platform 4 CIS Benchmarks™ content.

Note that this part of the profile is meant to run on the Platform that
Red Hat OpenShift Container Platform 4 runs on top of.

This profile is applicable to OpenShift versions 4.10 and greater.",2.5_xccdf_org.ssgproject.content_rule_etcd_peer_client_cert_auth,Enable The Peer Client Certificate Authentication,medium,pass
cluster1,2024-02-27T10:00:30+00:00,OpenShift Container Platform,4.13.1,sit,xccdf_org.ssgproject.content_profile_cis,CIS Red Hat OpenShift Container Platform 4 Benchmark,1.4.0,"This profile defines a baseline that aligns to the Center for Internet Security®
Red Hat OpenShift Container Platform 4 Benchmark™, V1.4.

This profile includes Center for Internet Security®
Red Hat OpenShift Container Platform 4 CIS Benchmarks™ content.

Note that this part of the profile is meant to run on the Platform that
Red Hat OpenShift Container Platform 4 runs on top of.

This profile is applicable to OpenShift versions 4.10 and greater.",2.6_xccdf_org.ssgproject.content_rule_etcd_peer_auto_tls,Disable etcd Peer Self-Signed Certificates,medium,pass
cluster1,2024-02-27T10:00:30+00:00,OpenShift Container Platform,4.13.1,sit,xccdf_org.ssgproject.content_profile_cis,CIS Red Hat OpenShift Container Platform 4 Benchmark,1.4.0,"This profile defines a baseline that aligns to the Center for Internet Security®
Red Hat OpenShift Container Platform 4 Benchmark™, V1.4.

This profile includes Center for Internet Security®
Red Hat OpenShift Container Platform 4 CIS Benchmarks™ content.

Note that this part of the profile is meant to run on the Platform that
Red Hat OpenShift Container Platform 4 runs on top of.

This profile is applicable to OpenShift versions 4.10 and greater.",2.8_xccdf_org.ssgproject.content_rule_api_server_encryption_provider_cipher,Configure the Encryption Provider Cipher,medium,fail
cluster1,2024-02-27T10:00:30+00:00,OpenShift Container Platform,4.13.1,sit,xccdf_org.ssgproject.content_profile_cis,CIS Red Hat OpenShift Container Platform 4 Benchmark,1.4.0,"This profile defines a baseline that aligns to the Center for Internet Security®
Red Hat OpenShift Container Platform 4 Benchmark™, V1.4.

This profile includes Center for Internet Security®
Red Hat OpenShift Container Platform 4 CIS Benchmarks™ content.

Note that this part of the profile is meant to run on the Platform that
Red Hat OpenShift Container Platform 4 runs on top of.

This profile is applicable to OpenShift versions 4.10 and greater.",3.1.1_xccdf_org.ssgproject.content_rule_idp_is_configured,Configure An Identity Provider,medium,pass
cluster1,2024-02-27T10:00:30+00:00,OpenShift Container Platform,4.13.1,sit,xccdf_org.ssgproject.content_profile_cis,CIS Red Hat OpenShift Container Platform 4 Benchmark,1.4.0,"This profile defines a baseline that aligns to the Center for Internet Security®
Red Hat OpenShift Container Platform 4 Benchmark™, V1.4.

This profile includes Center for Internet Security®
Red Hat OpenShift Container Platform 4 CIS Benchmarks™ content.

Note that this part of the profile is meant to run on the Platform that
Red Hat OpenShift Container Platform 4 runs on top of.

This profile is applicable to OpenShift versions 4.10 and greater.",3.1.1_xccdf_org.ssgproject.content_rule_kubeadmin_removed,Ensure that the kubeadmin secret has been removed,medium,pass
cluster1,2024-02-27T10:00:30+00:00,OpenShift Container Platform,4.13.1,sit,xccdf_org.ssgproject.content_profile_cis,CIS Red Hat OpenShift Container Platform 4 Benchmark,1.4.0,"This profile defines a baseline that aligns to the Center for Internet Security®
Red Hat OpenShift Container Platform 4 Benchmark™, V1.4.

This profile includes Center for Internet Security®
Red Hat OpenShift Container Platform 4 CIS Benchmarks™ content.

Note that this part of the profile is meant to run on the Platform that
Red Hat OpenShift Container Platform 4 runs on top of.

This profile is applicable to OpenShift versions 4.10 and greater.",3.2.1_xccdf_org.ssgproject.content_rule_audit_profile_set,Ensure that the cluster's audit profile is properly set,medium,fail
cluster1,2024-02-27T10:00:30+00:00,OpenShift Container Platform,4.13.1,sit,xccdf_org.ssgproject.content_profile_cis,CIS Red Hat OpenShift Container Platform 4 Benchmark,1.4.0,"This profile defines a baseline that aligns to the Center for Internet Security®
Red Hat OpenShift Container Platform 4 Benchmark™, V1.4.

This profile includes Center for Internet Security®
Red Hat OpenShift Container Platform 4 CIS Benchmarks™ content.

Note that this part of the profile is meant to run on the Platform that
Red Hat OpenShift Container Platform 4 runs on top of.

This profile is applicable to OpenShift versions 4.10 and greater.",3.2.2_xccdf_org.ssgproject.content_rule_audit_profile_set,Ensure that the cluster's audit profile is properly set,medium,fail
cluster1,2024-02-27T10:00:30+00:00,OpenShift Container Platform,4.13.1,sit,xccdf_org.ssgproject.content_profile_cis,CIS Red Hat OpenShift Container Platform 4 Benchmark,1.4.0,"This profile defines a baseline that aligns to the Center for Internet Security®
Red Hat OpenShift Container Platform 4 Benchmark™, V1.4.

This profile includes Center for Internet Security®
Red Hat OpenShift Container Platform 4 CIS Benchmarks™ content.

Note that this part of the profile is meant to run on the Platform that
Red Hat OpenShift Container Platform 4 runs on top of.

This profile is applicable to OpenShift versions 4.10 and greater.",4.1.3_xccdf_org.ssgproject.content_rule_file_permissions_proxy_kubeconfig,Verify Permissions on the Worker Proxy Kubeconfig File,medium,notapplicable
cluster1,2024-02-27T10:00:30+00:00,OpenShift Container Platform,4.13.1,sit,xccdf_org.ssgproject.content_profile_cis,CIS Red Hat OpenShift Container Platform 4 Benchmark,1.4.0,"This profile defines a baseline that aligns to the Center for Internet Security®
Red Hat OpenShift Container Platform 4 Benchmark™, V1.4.

This profile includes Center for Internet Security®
Red Hat OpenShift Container Platform 4 CIS Benchmarks™ content.

Note that this part of the profile is meant to run on the Platform that
Red Hat OpenShift Container Platform 4 runs on top of.

This profile is applicable to OpenShift versions 4.10 and greater.",4.1.4_xccdf_org.ssgproject.content_rule_file_groupowner_proxy_kubeconfig,Verify Group Who Owns The Worker Proxy Kubeconfig File,medium,notapplicable
cluster1,2024-02-27T10:00:30+00:00,OpenShift Container Platform,4.13.1,sit,xccdf_org.ssgproject.content_profile_cis,CIS Red Hat OpenShift Container Platform 4 Benchmark,1.4.0,"This profile defines a baseline that aligns to the Center for Internet Security®
Red Hat OpenShift Container Platform 4 Benchmark™, V1.4.

This profile includes Center for Internet Security®
Red Hat OpenShift Container Platform 4 CIS Benchmarks™ content.

Note that this part of the profile is meant to run on the Platform that
Red Hat OpenShift Container Platform 4 runs on top of.

This profile is applicable to OpenShift versions 4.10 and greater.",4.1.4_xccdf_org.ssgproject.content_rule_file_owner_proxy_kubeconfig,Verify User Who Owns The Worker Proxy Kubeconfig File,medium,notapplicable
cluster1,2024-02-27T10:00:30+00:00,OpenShift Container Platform,4.13.1,sit,xccdf_org.ssgproject.content_profile_cis,CIS Red Hat OpenShift Container Platform 4 Benchmark,1.4.0,"This profile defines a baseline that aligns to the Center for Internet Security®
Red Hat OpenShift Container Platform 4 Benchmark™, V1.4.

This profile includes Center for Internet Security®
Red Hat OpenShift Container Platform 4 CIS Benchmarks™ content.

Note that this part of the profile is meant to run on the Platform that
Red Hat OpenShift Container Platform 4 runs on top of.

This profile is applicable to OpenShift versions 4.10 and greater.",4.2.5_xccdf_org.ssgproject.content_rule_kubelet_disable_readonly_port,kubelet - Disable the Read-Only Port,medium,pass
cluster1,2024-02-27T10:00:30+00:00,OpenShift Container Platform,4.13.1,sit,xccdf_org.ssgproject.content_profile_cis,CIS Red Hat OpenShift Container Platform 4 Benchmark,1.4.0,"This profile defines a baseline that aligns to the Center for Internet Security®
Red Hat OpenShift Container Platform 4 Benchmark™, V1.4.

This profile includes Center for Internet Security®
Red Hat OpenShift Container Platform 4 CIS Benchmarks™ content.

Note that this part of the profile is meant to run on the Platform that
Red Hat OpenShift Container Platform 4 runs on top of.

This profile is applicable to OpenShift versions 4.10 and greater.",4.2.9_xccdf_org.ssgproject.content_rule_kubelet_configure_tls_cert,Ensure That The kubelet Client Certificate Is Correctly Set,medium,pass
cluster1,2024-02-27T10:00:30+00:00,OpenShift Container Platform,4.13.1,sit,xccdf_org.ssgproject.content_profile_cis,CIS Red Hat OpenShift Container Platform 4 Benchmark,1.4.0,"This profile defines a baseline that aligns to the Center for Internet Security®
Red Hat OpenShift Container Platform 4 Benchmark™, V1.4.

This profile includes Center for Internet Security®
Red Hat OpenShift Container Platform 4 CIS Benchmarks™ content.

Note that this part of the profile is meant to run on the Platform that
Red Hat OpenShift Container Platform 4 runs on top of.

This profile is applicable to OpenShift versions 4.10 and greater.",4.2.9_xccdf_org.ssgproject.content_rule_kubelet_configure_tls_key,Ensure That The kubelet Server Key Is Correctly Set,medium,pass
cluster1,2024-02-27T10:00:30+00:00,OpenShift Container Platform,4.13.1,sit,xccdf_org.ssgproject.content_profile_cis,CIS Red Hat OpenShift Container Platform 4 Benchmark,1.4.0,"This profile defines a baseline that aligns to the Center for Internet Security®
Red Hat OpenShift Container Platform 4 Benchmark™, V1.4.

This profile includes Center for Internet Security®
Red Hat OpenShift Container Platform 4 CIS Benchmarks™ content.

Note that this part of the profile is meant to run on the Platform that
Red Hat OpenShift Container Platform 4 runs on top of.

This profile is applicable to OpenShift versions 4.10 and greater.",5.1.1_xccdf_org.ssgproject.content_rule_kubeadmin_removed,Ensure that the kubeadmin secret has been removed,medium,pass
cluster1,2024-02-27T10:00:30+00:00,OpenShift Container Platform,4.13.1,sit,xccdf_org.ssgproject.content_profile_cis,CIS Red Hat OpenShift Container Platform 4 Benchmark,1.4.0,"This profile defines a baseline that aligns to the Center for Internet Security®
Red Hat OpenShift Container Platform 4 Benchmark™, V1.4.

This profile includes Center for Internet Security®
Red Hat OpenShift Container Platform 4 CIS Benchmarks™ content.

Note that this part of the profile is meant to run on the Platform that
Red Hat OpenShift Container Platform 4 runs on top of.

This profile is applicable to OpenShift versions 4.10 and greater.",5.1.1_xccdf_org.ssgproject.content_rule_rbac_limit_cluster_admin,Ensure that the cluster-admin role is only used where required,medium,notchecked
cluster1,2024-02-27T10:00:30+00:00,OpenShift Container Platform,4.13.1,sit,xccdf_org.ssgproject.content_profile_cis,CIS Red Hat OpenShift Container Platform 4 Benchmark,1.4.0,"This profile defines a baseline that aligns to the Center for Internet Security®
Red Hat OpenShift Container Platform 4 Benchmark™, V1.4.

This profile includes Center for Internet Security®
Red Hat OpenShift Container Platform 4 CIS Benchmarks™ content.

Note that this part of the profile is meant to run on the Platform that
Red Hat OpenShift Container Platform 4 runs on top of.

This profile is applicable to OpenShift versions 4.10 and greater.",5.1.2_xccdf_org.ssgproject.content_rule_rbac_limit_secrets_access,Limit Access to Kubernetes Secrets,medium,notchecked
cluster1,2024-02-27T10:00:30+00:00,OpenShift Container Platform,4.13.1,sit,xccdf_org.ssgproject.content_profile_cis,CIS Red Hat OpenShift Container Platform 4 Benchmark,1.4.0,"This profile defines a baseline that aligns to the Center for Internet Security®
Red Hat OpenShift Container Platform 4 Benchmark™, V1.4.

This profile includes Center for Internet Security®
Red Hat OpenShift Container Platform 4 CIS Benchmarks™ content.

Note that this part of the profile is meant to run on the Platform that
Red Hat OpenShift Container Platform 4 runs on top of.

This profile is applicable to OpenShift versions 4.10 and greater.",5.1.3_xccdf_org.ssgproject.content_rule_rbac_wildcard_use,Minimize Wildcard Usage in Cluster and Local Roles,medium,notchecked
cluster1,2024-02-27T10:00:30+00:00,OpenShift Container Platform,4.13.1,sit,xccdf_org.ssgproject.content_profile_cis,CIS Red Hat OpenShift Container Platform 4 Benchmark,1.4.0,"This profile defines a baseline that aligns to the Center for Internet Security®
Red Hat OpenShift Container Platform 4 Benchmark™, V1.4.

This profile includes Center for Internet Security®
Red Hat OpenShift Container Platform 4 CIS Benchmarks™ content.

Note that this part of the profile is meant to run on the Platform that
Red Hat OpenShift Container Platform 4 runs on top of.

This profile is applicable to OpenShift versions 4.10 and greater.",5.1.4_xccdf_org.ssgproject.content_rule_rbac_pod_creation_access,Minimize Access to Pod Creation,medium,notchecked
cluster1,2024-02-27T10:00:30+00:00,OpenShift Container Platform,4.13.1,sit,xccdf_org.ssgproject.content_profile_cis,CIS Red Hat OpenShift Container Platform 4 Benchmark,1.4.0,"This profile defines a baseline that aligns to the Center for Internet Security®
Red Hat OpenShift Container Platform 4 Benchmark™, V1.4.

This profile includes Center for Internet Security®
Red Hat OpenShift Container Platform 4 CIS Benchmarks™ content.

Note that this part of the profile is meant to run on the Platform that
Red Hat OpenShift Container Platform 4 runs on top of.

This profile is applicable to OpenShift versions 4.10 and greater.",5.1.5_xccdf_org.ssgproject.content_rule_accounts_unique_service_account,Ensure Usage of Unique Service Accounts ,medium,notchecked
cluster1,2024-02-27T10:00:30+00:00,OpenShift Container Platform,4.13.1,sit,xccdf_org.ssgproject.content_profile_cis,CIS Red Hat OpenShift Container Platform 4 Benchmark,1.4.0,"This profile defines a baseline that aligns to the Center for Internet Security®
Red Hat OpenShift Container Platform 4 Benchmark™, V1.4.

This profile includes Center for Internet Security®
Red Hat OpenShift Container Platform 4 CIS Benchmarks™ content.

Note that this part of the profile is meant to run on the Platform that
Red Hat OpenShift Container Platform 4 runs on top of.

This profile is applicable to OpenShift versions 4.10 and greater.",5.1.6_xccdf_org.ssgproject.content_rule_accounts_restrict_service_account_tokens,Restrict Automounting of Service Account Tokens,medium,notchecked
cluster1,2024-02-27T10:00:30+00:00,OpenShift Container Platform,4.13.1,sit,xccdf_org.ssgproject.content_profile_cis,CIS Red Hat OpenShift Container Platform 4 Benchmark,1.4.0,"This profile defines a baseline that aligns to the Center for Internet Security®
Red Hat OpenShift Container Platform 4 Benchmark™, V1.4.

This profile includes Center for Internet Security®
Red Hat OpenShift Container Platform 4 CIS Benchmarks™ content.

Note that this part of the profile is meant to run on the Platform that
Red Hat OpenShift Container Platform 4 runs on top of.

This profile is applicable to OpenShift versions 4.10 and greater.",5.2.1_xccdf_org.ssgproject.content_rule_scc_limit_privileged_containers,Limit Privileged Container Use,medium,notchecked
cluster1,2024-02-27T10:00:30+00:00,OpenShift Container Platform,4.13.1,sit,xccdf_org.ssgproject.content_profile_cis,CIS Red Hat OpenShift Container Platform 4 Benchmark,1.4.0,"This profile defines a baseline that aligns to the Center for Internet Security®
Red Hat OpenShift Container Platform 4 Benchmark™, V1.4.

This profile includes Center for Internet Security®
Red Hat OpenShift Container Platform 4 CIS Benchmarks™ content.

Note that this part of the profile is meant to run on the Platform that
Red Hat OpenShift Container Platform 4 runs on top of.

This profile is applicable to OpenShift versions 4.10 and greater.",5.2.2_xccdf_org.ssgproject.content_rule_scc_limit_process_id_namespace,Limit Access to the Host Process ID Namespace,medium,notchecked
cluster1,2024-02-27T10:00:30+00:00,OpenShift Container Platform,4.13.1,sit,xccdf_org.ssgproject.content_profile_cis,CIS Red Hat OpenShift Container Platform 4 Benchmark,1.4.0,"This profile defines a baseline that aligns to the Center for Internet Security®
Red Hat OpenShift Container Platform 4 Benchmark™, V1.4.

This profile includes Center for Internet Security®
Red Hat OpenShift Container Platform 4 CIS Benchmarks™ content.

Note that this part of the profile is meant to run on the Platform that
Red Hat OpenShift Container Platform 4 runs on top of.

This profile is applicable to OpenShift versions 4.10 and greater.",5.2.3_xccdf_org.ssgproject.content_rule_scc_limit_ipc_namespace,Limit Access to the Host IPC Namespace,medium,notchecked
cluster1,2024-02-27T10:00:30+00:00,OpenShift Container Platform,4.13.1,sit,xccdf_org.ssgproject.content_profile_cis,CIS Red Hat OpenShift Container Platform 4 Benchmark,1.4.0,"This profile defines a baseline that aligns to the Center for Internet Security®
Red Hat OpenShift Container Platform 4 Benchmark™, V1.4.

This profile includes Center for Internet Security®
Red Hat OpenShift Container Platform 4 CIS Benchmarks™ content.

Note that this part of the profile is meant to run on the Platform that
Red Hat OpenShift Container Platform 4 runs on top of.

This profile is applicable to OpenShift versions 4.10 and greater.",5.2.4_xccdf_org.ssgproject.content_rule_scc_limit_network_namespace,Limit Access to the Host Network Namespace,medium,notchecked
cluster1,2024-02-27T10:00:30+00:00,OpenShift Container Platform,4.13.1,sit,xccdf_org.ssgproject.content_profile_cis,CIS Red Hat OpenShift Container Platform 4 Benchmark,1.4.0,"This profile defines a baseline that aligns to the Center for Internet Security®
Red Hat OpenShift Container Platform 4 Benchmark™, V1.4.

This profile includes Center for Internet Security®
Red Hat OpenShift Container Platform 4 CIS Benchmarks™ content.

Note that this part of the profile is meant to run on the Platform that
Red Hat OpenShift Container Platform 4 runs on top of.

This profile is applicable to OpenShift versions 4.10 and greater.",5.2.5_xccdf_org.ssgproject.content_rule_scc_limit_privilege_escalation,Limit Containers Ability to Escalate Privileges,medium,notchecked
cluster1,2024-02-27T10:00:30+00:00,OpenShift Container Platform,4.13.1,sit,xccdf_org.ssgproject.content_profile_cis,CIS Red Hat OpenShift Container Platform 4 Benchmark,1.4.0,"This profile defines a baseline that aligns to the Center for Internet Security®
Red Hat OpenShift Container Platform 4 Benchmark™, V1.4.

This profile includes Center for Internet Security®
Red Hat OpenShift Container Platform 4 CIS Benchmarks™ content.

Note that this part of the profile is meant to run on the Platform that
Red Hat OpenShift Container Platform 4 runs on top of.

This profile is applicable to OpenShift versions 4.10 and greater.",5.2.6_xccdf_org.ssgproject.content_rule_scc_limit_root_containers,Limit Container Running As Root User,medium,notchecked
cluster1,2024-02-27T10:00:30+00:00,OpenShift Container Platform,4.13.1,sit,xccdf_org.ssgproject.content_profile_cis,CIS Red Hat OpenShift Container Platform 4 Benchmark,1.4.0,"This profile defines a baseline that aligns to the Center for Internet Security®
Red Hat OpenShift Container Platform 4 Benchmark™, V1.4.

This profile includes Center for Internet Security®
Red Hat OpenShift Container Platform 4 CIS Benchmarks™ content.

Note that this part of the profile is meant to run on the Platform that
Red Hat OpenShift Container Platform 4 runs on top of.

This profile is applicable to OpenShift versions 4.10 and greater.",5.2.7_xccdf_org.ssgproject.content_rule_scc_limit_net_raw_capability,Limit Use of the CAP_NET_RAW,medium,notchecked
cluster1,2024-02-27T10:00:30+00:00,OpenShift Container Platform,4.13.1,sit,xccdf_org.ssgproject.content_profile_cis,CIS Red Hat OpenShift Container Platform 4 Benchmark,1.4.0,"This profile defines a baseline that aligns to the Center for Internet Security®
Red Hat OpenShift Container Platform 4 Benchmark™, V1.4.

This profile includes Center for Internet Security®
Red Hat OpenShift Container Platform 4 CIS Benchmarks™ content.

Note that this part of the profile is meant to run on the Platform that
Red Hat OpenShift Container Platform 4 runs on top of.

This profile is applicable to OpenShift versions 4.10 and greater.",5.2.8_xccdf_org.ssgproject.content_rule_scc_limit_container_allowed_capabilities,Limit Container Capabilities,medium,pass
cluster1,2024-02-27T10:00:30+00:00,OpenShift Container Platform,4.13.1,sit,xccdf_org.ssgproject.content_profile_cis,CIS Red Hat OpenShift Container Platform 4 Benchmark,1.4.0,"This profile defines a baseline that aligns to the Center for Internet Security®
Red Hat OpenShift Container Platform 4 Benchmark™, V1.4.

This profile includes Center for Internet Security®
Red Hat OpenShift Container Platform 4 CIS Benchmarks™ content.

Note that this part of the profile is meant to run on the Platform that
Red Hat OpenShift Container Platform 4 runs on top of.

This profile is applicable to OpenShift versions 4.10 and greater.",5.2.9_xccdf_org.ssgproject.content_rule_scc_drop_container_capabilities,Drop Container Capabilities,medium,notchecked
cluster1,2024-02-27T10:00:30+00:00,OpenShift Container Platform,4.13.1,sit,xccdf_org.ssgproject.content_profile_cis,CIS Red Hat OpenShift Container Platform 4 Benchmark,1.4.0,"This profile defines a baseline that aligns to the Center for Internet Security®
Red Hat OpenShift Container Platform 4 Benchmark™, V1.4.

This profile includes Center for Internet Security®
Red Hat OpenShift Container Platform 4 CIS Benchmarks™ content.

Note that this part of the profile is meant to run on the Platform that
Red Hat OpenShift Container Platform 4 runs on top of.

This profile is applicable to OpenShift versions 4.10 and greater.",5.2.10_xccdf_org.ssgproject.content_rule_rbac_least_privilege,Ensure that the RBAC setup follows the principle of least privilege,high,notchecked
cluster1,2024-02-27T10:00:30+00:00,OpenShift Container Platform,4.13.1,sit,xccdf_org.ssgproject.content_profile_cis,CIS Red Hat OpenShift Container Platform 4 Benchmark,1.4.0,"This profile defines a baseline that aligns to the Center for Internet Security®
Red Hat OpenShift Container Platform 4 Benchmark™, V1.4.

This profile includes Center for Internet Security®
Red Hat OpenShift Container Platform 4 CIS Benchmarks™ content.

Note that this part of the profile is meant to run on the Platform that
Red Hat OpenShift Container Platform 4 runs on top of.

This profile is applicable to OpenShift versions 4.10 and greater.",5.3.1_xccdf_org.ssgproject.content_rule_configure_network_policies,Ensure that the CNI in use supports Network Policies,high,pass
cluster1,2024-02-27T10:00:30+00:00,OpenShift Container Platform,4.13.1,sit,xccdf_org.ssgproject.content_profile_cis,CIS Red Hat OpenShift Container Platform 4 Benchmark,1.4.0,"This profile defines a baseline that aligns to the Center for Internet Security®
Red Hat OpenShift Container Platform 4 Benchmark™, V1.4.

This profile includes Center for Internet Security®
Red Hat OpenShift Container Platform 4 CIS Benchmarks™ content.

Note that this part of the profile is meant to run on the Platform that
Red Hat OpenShift Container Platform 4 runs on top of.

This profile is applicable to OpenShift versions 4.10 and greater.",5.3.2_xccdf_org.ssgproject.content_rule_configure_network_policies_hypershift_hosted,Ensure that HyperShift Hosted Namespaces have Network Policies defined.,high,notapplicable
cluster1,2024-02-27T10:00:30+00:00,OpenShift Container Platform,4.13.1,sit,xccdf_org.ssgproject.content_profile_cis,CIS Red Hat OpenShift Container Platform 4 Benchmark,1.4.0,"This profile defines a baseline that aligns to the Center for Internet Security®
Red Hat OpenShift Container Platform 4 Benchmark™, V1.4.

This profile includes Center for Internet Security®
Red Hat OpenShift Container Platform 4 CIS Benchmarks™ content.

Note that this part of the profile is meant to run on the Platform that
Red Hat OpenShift Container Platform 4 runs on top of.

This profile is applicable to OpenShift versions 4.10 and greater.",5.3.2_xccdf_org.ssgproject.content_rule_configure_network_policies_namespaces,Ensure that application Namespaces have Network Policies defined.,high,fail
cluster1,2024-02-27T10:00:30+00:00,OpenShift Container Platform,4.13.1,sit,xccdf_org.ssgproject.content_profile_cis,CIS Red Hat OpenShift Container Platform 4 Benchmark,1.4.0,"This profile defines a baseline that aligns to the Center for Internet Security®
Red Hat OpenShift Container Platform 4 Benchmark™, V1.4.

This profile includes Center for Internet Security®
Red Hat OpenShift Container Platform 4 CIS Benchmarks™ content.

Note that this part of the profile is meant to run on the Platform that
Red Hat OpenShift Container Platform 4 runs on top of.

This profile is applicable to OpenShift versions 4.10 and greater.",5.4.1_xccdf_org.ssgproject.content_rule_secrets_no_environment_variables,Do Not Use Environment Variables with Secrets,medium,notchecked
cluster1,2024-02-27T10:00:30+00:00,OpenShift Container Platform,4.13.1,sit,xccdf_org.ssgproject.content_profile_cis,CIS Red Hat OpenShift Container Platform 4 Benchmark,1.4.0,"This profile defines a baseline that aligns to the Center for Internet Security®
Red Hat OpenShift Container Platform 4 Benchmark™, V1.4.

This profile includes Center for Internet Security®
Red Hat OpenShift Container Platform 4 CIS Benchmarks™ content.

Note that this part of the profile is meant to run on the Platform that
Red Hat OpenShift Container Platform 4 runs on top of.

This profile is applicable to OpenShift versions 4.10 and greater.",5.4.2_xccdf_org.ssgproject.content_rule_secrets_consider_external_storage,Consider external secret storage,medium,notchecked
cluster1,2024-02-27T10:00:30+00:00,OpenShift Container Platform,4.13.1,sit,xccdf_org.ssgproject.content_profile_cis,CIS Red Hat OpenShift Container Platform 4 Benchmark,1.4.0,"This profile defines a baseline that aligns to the Center for Internet Security®
Red Hat OpenShift Container Platform 4 Benchmark™, V1.4.

This profile includes Center for Internet Security®
Red Hat OpenShift Container Platform 4 CIS Benchmarks™ content.

Note that this part of the profile is meant to run on the Platform that
Red Hat OpenShift Container Platform 4 runs on top of.

This profile is applicable to OpenShift versions 4.10 and greater.",5.5.1_xccdf_org.ssgproject.content_rule_ocp_allowed_registries,Allowed registries are configured,medium,fail
cluster1,2024-02-27T10:00:30+00:00,OpenShift Container Platform,4.13.1,sit,xccdf_org.ssgproject.content_profile_cis,CIS Red Hat OpenShift Container Platform 4 Benchmark,1.4.0,"This profile defines a baseline that aligns to the Center for Internet Security®
Red Hat OpenShift Container Platform 4 Benchmark™, V1.4.

This profile includes Center for Internet Security®
Red Hat OpenShift Container Platform 4 CIS Benchmarks™ content.

Note that this part of the profile is meant to run on the Platform that
Red Hat OpenShift Container Platform 4 runs on top of.

This profile is applicable to OpenShift versions 4.10 and greater.",5.5.1_xccdf_org.ssgproject.content_rule_ocp_allowed_registries_for_import,Allowed registries for import are configured,medium,fail
cluster1,2024-02-27T10:00:30+00:00,OpenShift Container Platform,4.13.1,sit,xccdf_org.ssgproject.content_profile_cis,CIS Red Hat OpenShift Container Platform 4 Benchmark,1.4.0,"This profile defines a baseline that aligns to the Center for Internet Security®
Red Hat OpenShift Container Platform 4 Benchmark™, V1.4.

This profile includes Center for Internet Security®
Red Hat OpenShift Container Platform 4 CIS Benchmarks™ content.

Note that this part of the profile is meant to run on the Platform that
Red Hat OpenShift Container Platform 4 runs on top of.

This profile is applicable to OpenShift versions 4.10 and greater.",5.5.1_xccdf_org.ssgproject.content_rule_ocp_insecure_allowed_registries_for_import,Check configured allowed registries for import uses secure protocol,medium,pass
cluster1,2024-02-27T10:00:30+00:00,OpenShift Container Platform,4.13.1,sit,xccdf_org.ssgproject.content_profile_cis,CIS Red Hat OpenShift Container Platform 4 Benchmark,1.4.0,"This profile defines a baseline that aligns to the Center for Internet Security®
Red Hat OpenShift Container Platform 4 Benchmark™, V1.4.

This profile includes Center for Internet Security®
Red Hat OpenShift Container Platform 4 CIS Benchmarks™ content.

Note that this part of the profile is meant to run on the Platform that
Red Hat OpenShift Container Platform 4 runs on top of.

This profile is applicable to OpenShift versions 4.10 and greater.",5.5.1_xccdf_org.ssgproject.content_rule_ocp_insecure_registries,Check if any insecure registry sources is configured,medium,pass
cluster1,2024-02-27T10:00:30+00:00,OpenShift Container Platform,4.13.1,sit,xccdf_org.ssgproject.content_profile_cis,CIS Red Hat OpenShift Container Platform 4 Benchmark,1.4.0,"This profile defines a baseline that aligns to the Center for Internet Security®
Red Hat OpenShift Container Platform 4 Benchmark™, V1.4.

This profile includes Center for Internet Security®
Red Hat OpenShift Container Platform 4 CIS Benchmarks™ content.

Note that this part of the profile is meant to run on the Platform that
Red Hat OpenShift Container Platform 4 runs on top of.

This profile is applicable to OpenShift versions 4.10 and greater.",5.7.1_xccdf_org.ssgproject.content_rule_general_namespaces_in_use,Create administrative boundaries between resources using namespaces,medium,notchecked
cluster1,2024-02-27T10:00:30+00:00,OpenShift Container Platform,4.13.1,sit,xccdf_org.ssgproject.content_profile_cis,CIS Red Hat OpenShift Container Platform 4 Benchmark,1.4.0,"This profile defines a baseline that aligns to the Center for Internet Security®
Red Hat OpenShift Container Platform 4 Benchmark™, V1.4.

This profile includes Center for Internet Security®
Red Hat OpenShift Container Platform 4 CIS Benchmarks™ content.

Note that this part of the profile is meant to run on the Platform that
Red Hat OpenShift Container Platform 4 runs on top of.

This profile is applicable to OpenShift versions 4.10 and greater.",5.7.2_xccdf_org.ssgproject.content_rule_general_default_seccomp_profile,Ensure Seccomp Profile Pod Definitions,medium,notchecked
cluster1,2024-02-27T10:00:30+00:00,OpenShift Container Platform,4.13.1,sit,xccdf_org.ssgproject.content_profile_cis,CIS Red Hat OpenShift Container Platform 4 Benchmark,1.4.0,"This profile defines a baseline that aligns to the Center for Internet Security®
Red Hat OpenShift Container Platform 4 Benchmark™, V1.4.

This profile includes Center for Internet Security®
Red Hat OpenShift Container Platform 4 CIS Benchmarks™ content.

Note that this part of the profile is meant to run on the Platform that
Red Hat OpenShift Container Platform 4 runs on top of.

This profile is applicable to OpenShift versions 4.10 and greater.",5.7.3_xccdf_org.ssgproject.content_rule_general_apply_scc,Apply Security Context to Your Pods and Containers,medium,notchecked
cluster1,2024-02-27T10:00:30+00:00,OpenShift Container Platform,4.13.1,sit,xccdf_org.ssgproject.content_profile_cis,CIS Red Hat OpenShift Container Platform 4 Benchmark,1.4.0,"This profile defines a baseline that aligns to the Center for Internet Security®
Red Hat OpenShift Container Platform 4 Benchmark™, V1.4.

This profile includes Center for Internet Security®
Red Hat OpenShift Container Platform 4 CIS Benchmarks™ content.

Note that this part of the profile is meant to run on the Platform that
Red Hat OpenShift Container Platform 4 runs on top of.

This profile is applicable to OpenShift versions 4.10 and greater.",5.7.4_xccdf_org.ssgproject.content_rule_general_default_namespace_use,The default namespace should not be used,medium,notchecked
