Target Name,End Time,Platform Name,Platform Release,Environment,Profile Name,Profile Title,Profile Version,Profile Summary,Pass Count,Fail Count,Not Applicable Count,Not Checked Count
cluster1,2024-02-27T10:00:30+00:00,OpenShift Container Platform,4.13.1,sit,xccdf_org.ssgproject.content_profile_cis,CIS Red Hat OpenShift Container Platform 4 Benchmark,1.4.0,"This profile defines a baseline that aligns to the Center for Internet Security®
Red Hat OpenShift Container Platform 4 Benchmark™, V1.4.

This profile includes Center for Internet Security®
Red Hat OpenShift Container Platform 4 CIS Benchmarks™ content.

Note that this part of the profile is meant to run on the Platform that
Red Hat OpenShift Container Platform 4 runs on top of.

This profile is applicable to OpenShift versions 4.10 and greater.",63,8,8,21
