Target Name,End Time,Platform Name,Platform Release,Environment,Profile Name,Profile Title,Profile Version,Profile Summary,Pass Count,Fail Count,Not Applicable Count,Not Checked Count
ip-10-0-204-100.us-east-2.compute.internal,2024-02-27T10:00:24+00:00,Red Hat Enterprise Linux CoreOS,413.92.202305231734-0,sit,xccdf_org.ssgproject.content_profile_cis-node,CIS Red Hat OpenShift Container Platform 4 Benchmark,1.4.0,"This profile defines a baseline that aligns to the Center for Internet Security®
Red Hat OpenShift Container Platform 4 Benchmark™, V1.4.

This profile includes Center for Internet Security®
Red Hat OpenShift Container Platform 4 CIS Benchmarks™ content.

Note that this part of the profile is meant to run on the Operating System that
Red Hat OpenShift Container Platform 4 runs on top of.

This profile is applicable to OpenShift versions 4.10 and greater.",60,1,43,0
ip-10-0-238-87.us-east-2.compute.internal,2024-02-27T10:00:26+00:00,Red Hat Enterprise Linux CoreOS,413.92.202305231734-0,sit,xccdf_org.ssgproject.content_profile_cis-node,CIS Red Hat OpenShift Container Platform 4 Benchmark,1.4.0,"This profile defines a baseline that aligns to the Center for Internet Security®
Red Hat OpenShift Container Platform 4 Benchmark™, V1.4.

This profile includes Center for Internet Security®
Red Hat OpenShift Container Platform 4 CIS Benchmarks™ content.

Note that this part of the profile is meant to run on the Operating System that
Red Hat OpenShift Container Platform 4 runs on top of.

This profile is applicable to OpenShift versions 4.10 and greater.",60,1,43,0
ip-10-0-150-64.us-east-2.compute.internal,2024-02-27T10:00:24+00:00,Red Hat Enterprise Linux CoreOS,413.92.202305231734-0,sit,xccdf_org.ssgproject.content_profile_cis-node,CIS Red Hat OpenShift Container Platform 4 Benchmark,1.4.0,"This profile defines a baseline that aligns to the Center for Internet Security®
Red Hat OpenShift Container Platform 4 Benchmark™, V1.4.

This profile includes Center for Internet Security®
Red Hat OpenShift Container Platform 4 CIS Benchmarks™ content.

Note that this part of the profile is meant to run on the Operating System that
Red Hat OpenShift Container Platform 4 runs on top of.

This profile is applicable to OpenShift versions 4.10 and greater.",60,1,43,0
