Target Name,End Time,Platform Name,Platform Release,Environment,Profile Name,Profile Title,Profile Version,Profile Summary,Pass Count,Fail Count,Not Applicable Count,Not Checked Count
ip-10-0-225-175.us-east-2.compute.internal,2024-02-27T06:00:23+00:00,Red Hat Enterprise Linux CoreOS,413.92.202401170927-0,uat,xccdf_org.ssgproject.content_profile_cis-node,CIS Red Hat OpenShift Container Platform 4 Benchmark,1.4.0,"This profile defines a baseline that aligns to the Center for Internet Security®
Red Hat OpenShift Container Platform 4 Benchmark™, V1.4.

This profile includes Center for Internet Security®
Red Hat OpenShift Container Platform 4 CIS Benchmarks™ content.

Note that this part of the profile is meant to run on the Operating System that
Red Hat OpenShift Container Platform 4 runs on top of.

This profile is applicable to OpenShift versions 4.10 and greater.",97,1,6,0
